id,category,X1,X2,X3,X4,X5,target
0,4,7.719695622659423,7.225325997191557,6.591902948783412,9.833928159056354,7.50340199211089,69.04172938009263
1,4,5.663814338664215,6.6552945612545455,10.396427395762991,11.092168872503098,8.20924415281019,79.5483995517649
2,3,7.9105700447135545,8.70575593935369,9.554958200544851,8.416180719654328,6.257778732805732,-71.0087002802517
3,4,8.48086119691076,6.8838856973102605,8.928047988127409,9.050283731391492,5.415433048204784,-11.776024325387864
4,5,5.965807024955307,7.127755797460994,8.12677772414283,10.26599642037142,7.239031739286577,0.2720578974601089
5,3,7.6833786626816325,7.809816780930124,9.17386414711394,9.646949742773229,5.465982943021843,2.2374675621375557
6,1,7.001697912682968,7.918166332584157,8.503891626398895,9.615718700159006,6.555067242558404,-11.709477255362948
7,2,6.124149851310752,6.904241832557455,8.504699922037675,8.02262990303518,6.924739983493685,-200.95166705325101
8,1,8.26140159537273,9.414323105745494,8.217415046625613,10.39157536796933,4.7672425976082415,92.5949502945718
9,1,6.338424839858333,7.636422749514764,8.743899160454228,8.25762085919409,5.3330165679790795,-203.53911334355232
10,1,6.713508350975652,8.731187400059685,10.252011789337123,7.95248324045024,4.770913751153447,-218.2165116289833
11,2,7.000536114799205,8.032575265830054,7.663881296474614,9.81706887444978,6.24052762710371,-1.1233800632488231
12,4,7.757777298086791,8.154612382038634,9.627178949575582,9.43548774136153,7.539043064754213,41.083175303485525
13,1,7.798638798031031,7.847366258750704,8.650361564485685,11.158069190222548,4.37218014847511,117.3092500196481
14,1,7.358219137681135,8.367207852899737,11.222451964304284,10.471399958213397,7.6377825949371125,114.82088568229189
15,4,8.02372276833719,8.043603526246969,7.364518497739142,11.407515277353514,3.9240278180004147,142.27381023171745
16,2,6.6708189421597615,8.56739111323281,9.685702556312405,10.054889209813457,7.040081991111272,24.18516262512648
17,4,7.949301416415442,6.961784401432129,8.832616498681919,8.413241924375784,6.55159481318568,-70.71292446225954
18,3,7.020984981534855,7.0284047123398485,9.886402265695466,11.095642709058275,4.412808851602636,64.21810430016647
19,5,5.750074259881671,7.254694012353833,9.300050551786443,9.557695392436047,6.4856307280616186,-93.585453802808
20,4,6.881144324371668,7.37519081147592,9.3773052395466,10.763860373717401,7.466163346491056,104.36587443038246
21,5,7.3455842868896974,8.701464304782624,10.441090091562103,8.255340702487766,4.176840491120725,-169.80312359969344
22,1,7.396714299686689,6.84357462253058,10.922371664238671,10.527353357523012,6.248708833143283,79.53387978425148
23,2,7.758102017353739,7.510447402995296,9.398705927643755,9.036609356289306,5.3699023755308115,-52.310849484864676
24,2,6.9196061389176355,7.833899921614904,8.932315310281439,9.855008385384457,5.497112189477611,-21.794666104592686
25,3,8.093033570486739,9.462817645934875,9.456451804867944,10.095597063923647,5.066645753582236,64.34036758693757
26,2,5.848164629113673,8.168431667165338,9.94901774569964,10.318279039511994,5.135338150372794,-48.89437883493739
27,1,7.192123811196832,8.649031981137464,9.183817391327127,9.519073696695044,5.886460981820155,-22.613697175053936
28,4,6.93861606324617,6.259043287303539,10.411094498886722,9.974406559500117,6.407153255657338,4.659723681129601
29,1,7.026107376015433,8.664078536677065,9.728494131435896,11.19686547128589,6.671232369652174,138.34792941761904
30,4,7.5318081449112375,6.923558634204528,9.446681257281439,8.822245940410268,5.753778695438844,-77.83082643990261
31,5,6.223412088900894,10.197883398014296,9.477667525884403,8.958428648540115,3.949824193692765,-168.90852885743428
32,4,6.059549625172075,6.976597867670116,9.716292049367393,11.143262048500317,7.018969428398364,78.32011603293988
33,2,7.671273569639986,7.168553403977473,8.6826689651592,10.863568933718385,4.599020323305217,85.81604829448266
34,3,7.949363749729875,8.834563061535425,9.159624566211555,8.61762029758442,5.065038251899399,-79.7385909900999
35,4,6.479064589909657,7.804010212377606,8.792431646209863,10.291989300462674,6.499497716566187,17.148597517054323
36,5,6.7921655796430604,9.544529099674472,6.744965733443715,10.137756036680758,5.6856368155150285,9.63729323714171
37,5,8.448222798202675,9.494976711315077,9.3661456105726,8.92638884335181,5.2611601715710155,-15.38034713867383
38,3,7.280623226621966,8.164717660563007,8.405421070082584,8.98418426279139,4.63053715513308,-99.4458148133148
39,4,7.450082625852754,8.791811525484182,7.568584219289641,12.642761371540882,5.818231310850207,271.80667945457355
40,2,4.05859936141885,8.09710038518114,9.948875864086505,11.181023750631882,5.925289061270602,-54.21306521584704
41,1,7.838536155487519,6.451892551279387,9.68520073034271,11.201834068689648,6.57427572281,171.52422233999025
42,5,8.422725595373382,7.622767035319022,9.668437052421673,9.486964224788922,6.783159502135614,62.15454935519154
43,3,6.511211969596615,7.75381697297464,8.21054787542817,11.06675122081598,5.300627953503062,58.323505367203616
44,2,7.879993283496308,7.722858866552604,7.752536569562832,12.571071722523872,5.43608950098739,274.73649122546936
45,2,6.278663238378395,9.885292784816539,9.920423478955453,10.107127082366738,4.728044055140982,-44.84379321032904
46,2,8.2968842114678,9.848844389502846,9.533881363901227,9.801618339855969,6.044414637601464,76.02540948971286
47,2,7.118242828645086,7.9621831524891435,8.9132014332652,9.796569205648721,5.847539655766471,-6.406563071818157
48,5,8.229668528303739,8.302714104374344,9.49422955750242,10.206092482887609,6.831526123363164,120.2567213970672
49,1,6.430966205371166,7.821448247347599,8.414903720745944,10.8293074664232,5.447535079161413,36.399268344129894
50,2,7.870101310484138,8.000819448105592,9.28451988746693,7.908770184162603,6.285646521908839,-121.73203383255998
51,3,7.630848206061643,7.077452590022552,8.758691593204336,9.866120588754045,7.115863339058758,56.550895081417266
52,1,7.037134073182276,7.449327443929208,9.531334023162648,10.004497073276596,5.871026223462261,5.644838021120925
53,1,8.28587295366143,7.464850691237147,10.298814369557698,10.1909658989294,6.723220128134295,115.1251440550998
54,3,8.493617662060318,8.124117900130388,8.410905516051491,10.28232024002397,6.525344728268186,133.71756325455263
55,4,5.786563477460666,6.983088484284382,9.588759347865103,10.049563767932383,5.962425351490163,-61.96441658362297
56,3,5.71307184466635,8.152917712688826,8.509100749355488,10.770728276931397,5.210272996627512,-14.189879754253752
57,3,7.225537405574756,9.12439364799987,8.890796029370202,11.011805587306485,7.492930009085806,155.90550022286675
58,2,6.7331523515685205,7.695098873150925,7.996236340286586,10.76420316732215,6.140358951658046,64.38242038937753
59,3,7.100241324119614,7.002442146796179,8.282267994162272,9.817949792510728,5.5866285954397785,-16.84630628081987
60,5,6.557929525946886,7.537130559266411,9.05283433567079,9.795064134417776,6.873989922457736,-15.046581685159522
61,4,7.194835404116168,7.949446228446002,9.64370778639733,10.073443185804608,6.280646024951955,33.4855007896299
62,5,6.063396529247262,8.389494946391267,9.83128743056634,10.570804327652557,4.949718964966608,-17.385556511101644
63,4,7.771127033617316,9.222048719776668,9.193183512183769,11.281898761882097,4.8942266353796215,146.6902096860646
64,1,7.489720124201179,8.827261808645341,8.502526763784164,10.88712166071773,7.063843901181089,147.63035800922063
65,3,6.92635806143434,6.84788155547531,8.972537122555341,9.536809455896941,7.859306179380457,3.9744108501980295
66,4,6.141925849067795,9.150198731476738,10.75989409840252,11.617058969629817,4.091261135072624,63.30678797735517
67,1,5.6689286450829535,8.91885616978468,10.516898626584522,9.620237489104362,7.038892761551778,-70.45176962520233
68,5,6.054427350689717,6.444932419701376,12.098900135063886,10.876788723430854,7.448789332392196,62.29204891505884
69,5,8.039269494226987,9.768759194573711,8.513794345744328,10.494557860166426,5.599812459260078,111.81240761773672
70,2,8.277852927826125,6.843877090361133,9.198200860028264,9.13916659096886,7.243662003858361,30.172489074577356
71,2,6.623389540168762,6.553747182363323,8.690972648146577,9.611374677430112,5.836184807572426,-58.62935332231498
72,4,8.015657617982543,7.523823880588306,10.07447013590464,9.802927155453654,6.281530452752814,54.18648105659826
73,1,7.539956630965671,8.164109047106537,8.643441093823885,10.2261702820061,7.022010228615669,86.86611848505194
74,4,8.335001041251962,7.54903285066591,8.392186892874273,9.025420134952858,5.992176629569177,-4.568420199703851
75,5,7.450591748165941,8.742671093985761,10.499764224366148,9.608408024790764,6.7505641494278565,22.338771042601017
76,5,7.1790891817261535,7.26085802091557,9.344333015150083,8.630444759916902,6.181869854244104,-102.67000576402376
77,5,7.717005320826747,9.115376464469932,9.239300396749474,10.66639738044891,6.545995220865797,129.46694011791212
78,1,6.187425550402627,8.357767046798267,9.316323902200951,9.986829971208943,4.951644822160699,-62.830976542654426
79,1,5.5546690086041615,6.881486490223368,7.301180848267665,9.287008590127963,5.843672041066112,-147.08790752446907
80,3,6.0156136055515725,8.403913838732237,8.628258021496382,9.070148083596584,7.030114401044912,-102.90698544658103
81,3,7.0204171208223105,8.309728612425534,10.771594367803297,9.406543828066932,5.555111956705446,-52.53544690901161
82,3,6.870603691658745,6.243472954441428,8.472251332047696,9.689884896368397,7.09869817386161,-7.460350012372251
83,2,8.950022834477434,6.777101829482802,7.581714417672009,10.714169770381002,7.069098108422592,205.38757761881575
84,4,7.289850678739117,7.751326081157904,9.07417529805853,9.931174582399212,6.646734837777676,34.5239764488139
85,1,6.993920393960752,10.931700272038979,8.530361640340725,10.474116066461903,4.6946422190940345,33.53116049800642
86,5,6.444355393217767,6.904180034947513,5.795854600740531,10.834679296771291,6.198904145161836,51.981095805544776
87,4,7.323499882466284,7.145637447077151,8.970135900786275,10.989633063571176,6.088524764057647,114.35666083023139
88,2,7.145624600995292,6.8586527897016785,8.078461922536405,9.951046426924075,5.485725774488953,-5.567942658084774
89,3,8.142232725194074,8.5819944238415,7.9837316523949635,11.011056492516744,3.9770986371128223,117.69424388527264
90,1,6.652984426333514,7.507308198137037,8.600830484037465,12.603420122563374,6.0710252812962,222.2465075245783
91,3,6.275442843384366,9.252551303755213,8.4837903392572,11.02391115233281,4.683832929609946,33.02154249825514
92,4,9.027826768621292,8.161504357071776,7.607558338833955,9.724007462398596,5.152027320268424,79.94676575004657
93,5,6.445613975784183,7.682166551401192,8.991820468865036,10.528048786424318,6.407233085145497,33.52429406553303
94,2,7.878818527505956,9.979114031516877,9.558314744144983,8.573018352747997,5.756910972915252,-64.9734501327386
95,5,6.579364032102096,7.543026136039328,9.757170805273333,12.022351224361822,6.929769093020336,187.55479483166025
96,4,6.352336750337726,7.421983015642286,8.255706459201324,9.191916972195223,4.482319266763426,-141.42726831078016
97,1,5.673536663312822,8.685436198706352,9.53966645148462,9.428178028240884,6.254354987332138,-108.11134225489835
98,5,7.5290108631591455,8.236699337723683,10.88272471022955,9.78975200669507,6.343384173576173,30.35714124746871
99,5,8.15253319974032,7.827972138928506,9.800918263229173,8.80052368632113,6.209589323350975,-28.571003862177086
100,3,7.236497196456137,6.818791484320094,8.39669795632821,10.076381354738002,6.377449826610749,32.933108956552786
101,3,5.927611892146825,7.339035051476998,8.308976784030223,10.160522272727839,5.939560769073705,-42.464791642286826
102,2,6.394694159010056,6.405483061563824,9.073352593022607,9.16485001317023,5.197536816302856,-128.77282359258652
103,5,6.044426356923125,7.837602121612097,7.963734865515666,9.540592705676067,5.441319424743931,-101.44717764029036
104,4,9.045098164377558,8.281977368438877,8.240905032627444,9.852532356274535,5.945620648642095,112.9126893073166
105,4,7.802222416112415,6.571052687160986,8.491863173213789,8.854258127453063,8.298309524537212,2.2844669543158993
106,1,5.846845434706105,8.447525286239054,10.268012474966868,9.890982306057756,5.532772677574375,-76.11536713445409
107,2,6.130726018697516,9.828491690704112,7.353476953924298,9.7688247056177,6.08507026753652,-49.88959568182371
108,5,4.810819264770201,7.561415091382306,9.68888008099915,10.204599062661663,5.1361057148117135,-121.36862659975277
109,4,5.875493602477062,7.633963792047918,9.832256379209367,10.896476942326364,5.879555243347239,20.474008283935202
110,2,7.690058240007843,7.812378904137395,7.54988611862463,9.127075879667812,7.814380266766374,14.614677715662896
111,1,5.410539953462664,7.543392020741346,9.489133585102273,10.229370791314269,6.196694755536787,-58.39594687811019
112,4,5.975472874236762,7.837142578400651,8.250442114488298,8.847515369794912,6.8691644119200514,-131.97525606772223
113,4,8.795245142807373,6.7747004963174895,9.384112107376914,9.346489070508776,4.499441473487803,9.258645419989598
114,5,8.507080667997355,8.477291307748086,8.663689225246182,7.648646958276355,7.04917084137146,-87.28540403007177
115,2,6.252087813784083,8.550872394397768,8.917827872127933,10.333999636121048,5.580465890141591,-11.269543073011802
116,1,7.820208319157722,7.344523435040286,7.890195696074823,9.131502068843002,6.156475594240644,-21.47676382181559
117,1,6.726502807234569,8.935345319085181,7.02660991149914,9.556195000133078,5.983998621384044,-41.94989508257847
118,5,7.862304151076509,8.445652129973796,9.954145156343243,11.020993676345187,4.3847500654836855,111.92187459510804
119,2,6.384613635266201,8.166150044940688,8.902665812954394,11.419147814327959,5.902378677587019,99.83639604261904
120,1,7.40174636000429,9.41424141312849,10.90540821025335,8.685036610904161,6.550633923669152,-65.06891752648141
121,4,7.670879779932239,7.717237774491158,8.575931023861841,10.642465848656958,7.830348010924188,149.7553175110184
122,3,8.030935919794496,9.168698461392095,9.214033065168262,9.516248246221565,6.609367924660209,45.77921111481617
123,5,7.018419367820896,8.753316048984972,8.671449359493856,9.835653804457525,4.394371524628364,-40.92047775566913
124,2,6.91484647225722,8.543988222826775,8.729521543515355,10.824597696109253,5.091649951565024,58.471881164037114
125,3,8.719129922332561,9.507010241718987,8.4594225986385,9.249823251527346,5.328384733557125,30.760963519192668
126,4,7.544932418190177,9.179058218929676,9.86904982879357,9.169759030132766,4.67567063121171,-61.68806227243467
127,4,8.589133807029771,6.433808030635081,8.402572542959039,10.99813078072678,7.165416949154809,210.9026354735645
128,4,8.937013680533443,8.035117850808271,8.277051768224771,9.834375923003483,5.526553848802484,93.20900516150203
129,1,6.7569136045705305,7.509859969942786,8.003318406707107,10.97536402358365,3.3754086822004425,14.555929621472073
130,3,6.467404703241814,6.5258697339372,10.909231375739378,10.381019095974997,5.394636924080137,-9.669713886489513
131,3,8.404321258884679,7.7275085786145805,9.71057936183878,9.988735985503592,5.014821074384383,62.33515982875895
132,3,7.792452440323288,7.537888548277317,7.975748768086773,10.14481324666201,4.482714692481706,27.090023725050433
133,1,6.989502215660243,8.088602984403853,10.188633437752648,10.71449474359775,4.36753053898214,32.281520739874594
134,5,7.015767723904782,8.579866062185454,8.027230239675527,10.720117813762124,5.825776640860403,73.37557413058053
135,2,8.055867275309417,8.872480202347868,9.584794398486961,11.782025871861194,6.4015743815977295,243.88080858522298
136,3,5.405764545437493,6.894149829215034,8.537636501684068,10.042632051791953,6.688035360723672,-66.60202970567845
137,3,6.410714696737516,7.505443663726691,8.620763373635654,10.727158165628044,9.159132068923778,117.06684216024088
138,1,6.220595419706668,6.696591803374919,8.262151648386707,10.330684006086713,6.093279506163539,-9.856825230554774
139,5,6.638401092763651,7.8734107113387966,9.20468637265917,12.61806455228634,5.617310251575455,213.40543775192154
140,5,9.353991180543552,7.492997513969217,8.323233839039919,9.434205582808184,6.6885462458867275,107.75028675157081
141,3,5.866607803393128,7.043731949790275,9.154143504164335,9.286073790925096,6.440944492020392,-113.59948222328636
142,5,6.8279163304422275,8.401607930271142,8.77801244004007,11.195157721556681,5.475288848691253,95.63738614065866
143,5,6.4159748567025465,7.823239075786889,8.307080584030635,10.38980521635777,6.433945444064082,20.874923929728123
144,4,7.276528089731106,8.603820013767052,9.542177453460829,9.71575087911368,5.464695328884267,-10.915731485804017
145,4,7.985499130191628,8.96364221068367,9.080254689152367,10.343962569422215,6.6505788113595425,117.62130871207661
146,5,7.080870656339577,7.816265341071704,10.116589352394147,10.07183853551668,5.4332351892014135,5.107615027850364
147,5,5.56315376648201,9.420709258809435,9.334816480680688,8.79231480714727,4.370355491694175,-215.11638635087075
148,4,7.993039031275164,8.985637159860689,8.574200341069696,11.188069478322223,7.880075975154116,224.71759821802627
149,3,5.41886616112291,9.33892172352806,8.25357691836805,9.672666383552167,6.037837496363117,-102.94742915989208
150,1,7.441143300986824,8.146639395245685,10.352248229659141,9.105955928101196,4.472242924998927,-83.47726120296824
151,2,9.143811744353595,7.966129793470713,9.515870227758393,11.585777539793375,5.036597913434555,249.68795116214417
152,1,6.314409302357013,7.3601233272794016,9.963919740896488,10.248160532462833,6.243241061182283,-5.02242467010123
153,1,8.28071465878864,6.535699942597356,7.41060250997702,10.526371397098632,6.5957303254430375,137.073118138787
154,3,7.310917578810904,7.552229541712234,9.53484658187897,9.586099301202582,4.495996095915876,-50.137194059907195
155,3,6.154436884202808,8.875104576821146,9.87801125696566,9.837812435251296,6.954017656270502,-25.456370140310256
156,5,7.121347463259593,6.883455989162408,9.492830115857814,9.733172361208094,5.708328650344903,-20.799551793866936
157,3,7.589010571765166,7.984137818437538,8.544690343694276,9.970595760131394,4.395299712945265,-0.08430291301755864
158,5,6.92064369537119,5.967861827713396,7.7361235536531305,9.877597880941966,5.655224784791303,-25.31511680144828
159,2,6.220105575560433,7.589133678219434,9.544956513053965,8.624187510070403,3.8408420735740734,-215.01753795429076
160,5,5.937914647362629,8.090055110748718,10.241441210339628,10.186902277454202,5.3784029456967986,-49.99746088088892
161,3,6.0119076801237625,7.942499113174442,9.252739777009248,10.936882006824527,6.1684742322340735,40.71424985202931
162,2,5.770305803123752,9.008418520396448,9.755469253639676,9.3921432198983,6.994294659038938,-85.75195304696857
163,1,6.7055165746919245,8.15868210116913,8.352351762378909,10.546403831438218,4.518056185775052,5.017818411339981
164,4,5.6496955862976455,8.83164696931091,8.65544429725106,8.1791747325684,7.19014896684212,-197.4875639172843
165,5,7.826302480084825,8.10426172850283,9.756219625032179,10.29041591309051,4.816011571558725,53.506309869057205
166,3,6.257834673455838,9.274080617098491,9.531814360092435,10.35262852061351,6.349911786943145,13.508990417857357
167,4,6.951172114805366,7.608811672325138,8.957470185628905,9.573705585062864,7.258356695796392,-2.543781865812078
168,1,8.534660172600756,8.240072602467889,10.450847222880013,8.81693320967982,4.950308488152592,-34.34898073942417
169,5,6.406373571508946,9.381348110261476,8.394194764264249,11.802339163517162,5.374433097023628,128.58559503421867
170,4,9.141717623305464,7.651846174211142,7.45918431175995,9.86930469370071,5.034874016289128,93.9206515453397
171,1,5.182292638474617,7.6092872287309525,9.71581170246939,11.392484920144804,5.710955709250705,21.040894552716455
172,2,6.679787195303841,6.491007179290891,7.734528165491766,10.861181679641243,7.177705668023833,90.09978518900925
173,5,5.696589917729033,7.716366531943836,8.082144257488379,11.122993351343275,8.226332603458685,89.72092484793613
174,4,5.768940509080758,6.573440758782476,8.327245618094482,8.091146136699505,6.583143637967393,-225.62724807803409
175,5,7.836225323817039,7.663463621415435,9.115152138169039,10.21742674843881,6.4153526550586335,84.92142001584327
176,3,7.3419490746703255,7.437118199374009,8.479700985451624,11.287071945302902,4.0444117855718,92.49797990468373
177,4,6.93438261519622,7.968704349537843,9.498271064830664,10.825351687813294,7.798473381763043,124.47619538124141
178,1,8.001160757984035,9.783290480700751,8.976732262394604,9.11591922922523,6.748495709867244,14.742826780087942
179,1,7.322000665276214,8.860345075159884,9.550678631187804,10.97444599903811,7.2192537677703115,150.0097576590409
180,4,5.9366305039003056,8.661876644441389,8.193829747262233,8.11999596934341,6.282491438597628,-210.08911817332452
181,2,7.559644674725768,8.319782554640978,8.853264823495577,10.593766897947635,5.42822707873917,81.89566243107656
182,2,6.385127021893866,6.20863055813888,9.839891648540313,10.085312507266645,4.737247992424185,-58.8853301811962
183,2,7.082597849618504,9.462433114237035,7.9666542088017795,10.256337280627278,4.911335713330001,16.993346383070875
184,4,5.995151446005515,7.6952887479312695,9.727558206964344,9.984211945138485,6.035302576708883,-50.490280094317654
185,3,8.06108156055725,7.434272874697972,9.250004930029174,9.378115318158716,6.641740500530004,26.98726759158345
186,4,7.854220142681819,6.928683572157518,10.68070144410849,10.611408275601828,6.991900993729109,132.34280175465648
187,5,8.137529618889662,9.493362712229354,9.94169226882025,9.532949870204206,6.8844327676949435,61.800832697776826
188,2,7.289433016022914,8.49981723250204,8.722058095215242,8.763321467834183,7.372784446910236,-48.4801561861895
189,5,5.466789251413122,6.888373114368342,8.841825043961128,8.285533301630096,7.215356789214532,-207.70488973226944
190,3,7.3597266366127,9.542274009873177,9.14467160841636,10.845632748821503,4.939384435537142,86.9539723001254
191,3,8.191664759124604,8.08581686383645,10.17443213171887,8.757138664359182,5.819043621096224,-38.55663880696821
192,1,5.9649579478227635,7.790440940037917,8.956691484504802,10.027713249805961,7.319812050955404,-15.71953250888421
193,2,6.4618690289912575,7.7617436486393006,9.324070297301514,10.355097535892074,4.480865537638948,-29.1042795248463
194,3,8.19666114923252,6.548922752636301,8.227450573740548,9.540904973889415,7.880814366410217,76.04125436829588
195,5,8.130311092510098,8.9602534823591,7.879857501421702,11.318666731705104,7.581143243213587,236.5989764897937
196,3,6.407693071416105,7.18867737530066,8.312113648649644,10.768673370437423,5.6370696208564635,31.103835213755648
197,5,6.822245135733231,7.171356664848693,9.087307390238111,10.614685647831744,4.36000175069476,8.893179504283287
198,4,6.014116445374269,8.514831246635461,9.477340184019708,9.493323050480306,7.268569530323552,-58.502796253412036
199,5,8.137645559948101,9.858248315986048,9.711529888773757,11.303350664236163,5.674872756302764,192.45944698817542
200,3,7.272274397884563,7.5903254934853095,10.674097838878861,10.027101162986751,6.097330813027879,27.46224116681938
201,3,7.4037489720768255,7.689953157645146,10.0578332699553,11.75742809650167,7.526873118927905,226.69602139885058
202,3,5.808602298332109,7.56198852271078,9.363743852980164,9.948848308595794,6.057934025479463,-64.28268843545388
203,2,6.375761172776488,7.11972799746333,7.964602124481781,11.321561544345764,6.028915212705461,88.504188339198
204,3,6.756309390998403,8.313025868085223,6.661205475690332,10.704583232471823,5.424414203084381,45.562604499396194
205,5,6.867572035457442,6.500282003627548,7.489100847827018,10.01908151937247,6.408512883137431,5.910887709895791
206,2,7.578745103287418,7.516689549729993,8.220551276887015,11.233859317076991,6.285806165670563,157.82834764698143
207,1,7.56623135928214,5.622929527827692,10.001840090620567,10.032079956806964,5.166715291631606,11.6118236027437
208,5,7.893706457456075,7.217973213019557,9.45373848629605,8.16251840818472,5.07291348229914,-131.98170882191934
209,2,7.5845726052599405,8.658685856349834,10.355440698263843,10.695490787241852,5.274911875864133,90.10315771725266
210,1,6.0165422306432825,8.84977398077749,8.761618125556204,9.81852719198415,6.883941876471939,-37.04883173069146
211,2,5.559316398841357,7.966271629015692,8.188479199579925,9.196496681285641,6.664056832830118,-128.81383746972102
212,4,7.46671252178243,6.833467072857725,9.060726511378318,10.112667547283287,7.089224892307763,67.16812112211215
213,4,7.136538295028698,6.744140222155034,8.707393595238521,9.52374651892986,6.575932268172967,-17.83879562941956
214,5,7.317604248915713,8.710924091061939,9.62291787458337,10.986710748123983,7.117154675216961,147.66995431056537
215,1,7.361479125251012,8.184962003673279,9.082328935083467,9.463211422709167,4.523314394329278,-54.40065889028353
216,1,8.491330534995907,8.482108279514884,8.58732760664074,9.607669609894444,7.4187527375318005,96.90194223489358
217,4,7.144236358307355,9.288821581172115,9.715952118002118,8.504552964075708,6.187136211964499,-105.52483632056637
218,3,9.134895218673577,7.938723706053564,8.924951714967015,9.437348656843092,6.598271242744368,95.42204108035763
219,2,9.19326582852252,9.115117428676532,9.787351979158435,11.016967498689272,5.9068457434262145,229.02653366572358
220,1,7.3288307260374745,8.713139350887182,9.112002842911911,10.07125704220894,5.106979907760132,15.66540290264979
221,4,7.2342271434259295,8.408348510577943,6.874572064520647,8.650490599732027,4.062666549546794,-144.90137429432517
222,1,7.023102517052416,8.43874989043226,9.538801908263267,8.743441491126438,5.417060608910823,-114.84811698852782
223,1,7.246711579605675,8.246174845430808,9.067164921326976,10.574692139015337,5.758454589108981,69.96174013879094
224,1,7.773480019691781,7.571259542874112,9.221547476160202,8.156426357572196,6.053222851730544,-112.94724869438276
225,1,6.9087573965416,6.808857159583056,9.389148125792227,10.367339607012303,5.653906876103527,22.28321219518119
226,1,7.580150649510919,8.823878745475493,8.454784113795869,8.937417527017658,5.966326740045777,-49.787903983451486
227,3,9.140148385247766,9.829127896209794,6.720318907421346,9.71688237767036,6.147083674187946,118.78911949068947
228,4,6.77366239976548,8.056819027253637,8.668774075020425,10.528147063680214,3.9488028203866112,-7.365415349182002
229,5,8.750436893421455,7.232141735392065,8.331459194595466,10.492674015680512,5.9798016787610875,149.187824110044
230,4,8.552849605431398,10.107468136143893,9.982547039050745,9.604197295289012,5.0335012396934635,48.889474804162624
231,4,5.9664944589063325,6.730162162638315,9.402642858784832,10.523524057362472,6.561847076232268,4.7718858163937865
232,2,6.687346337166536,6.315104148170988,9.72365316035289,10.615054944862598,5.153790747974641,16.884480210804853
233,3,7.922828174530851,7.848955218133361,9.180329683864564,13.110333923892384,5.682336774668241,332.464844768913
234,3,6.438869126134828,6.915872813759445,9.280951849684154,9.015138927021006,6.217581665980554,-111.50883390622737
235,1,6.737004662682179,6.45458290938871,8.353144016365544,11.460517953321778,7.627650179280552,158.20744047310345
236,1,8.618984189176455,7.993677807567503,8.462238896156167,11.725931089068343,6.11977488262841,259.54658675294274
237,2,6.147780939711028,7.8779329472762925,8.941011369949985,9.250899112173883,5.563094533199255,-118.2868697219427
238,4,7.048304441645729,7.4509549377275395,9.728912166450742,9.092976547436752,7.131256723144798,-44.06931186641718
239,2,8.372208703570225,7.4122984867387585,9.82264160689555,8.780984722689938,6.799939034368224,-4.903731641851232
240,4,7.494608535906269,8.589652789245552,9.316477012750706,10.3767945837694,5.084930589814436,51.397581386589934
241,2,7.900531138661684,7.898642318195192,9.268425238200843,8.976757143257814,6.9288815400090105,-8.592789772784197
242,1,5.580814336533572,9.207933361415739,8.85882055720651,9.219672653228047,5.494215830125329,-148.60418281498877
243,3,8.163095695347868,7.993900953013028,8.261869262134503,10.390426061671825,6.648429590339599,126.89960292011044
244,5,7.004045462613358,9.179116748045155,9.149164595495588,11.130834881002286,6.848637219673864,138.12576581917392
245,5,6.65623117752148,7.815829359148356,8.844990400453195,10.914034547907104,5.845250503853175,66.71429798633315
246,1,5.672811148503522,7.210094800008946,9.927902141293757,10.148251878669011,7.943720618355115,-8.822619905544974
247,3,8.04200729939934,8.02733731240617,7.9871377625074444,9.077948129812741,6.505096801501947,-1.4409410783355476
248,4,8.409171077703556,8.628254897897534,9.784396229365731,10.345808261621178,5.40607263396004,108.8878573707036
249,1,6.125952696916505,9.101621567263939,7.76160853413978,10.880739226315654,4.653366171344221,10.16520998055629
250,4,6.491812153867262,6.578249985438649,9.308284925828518,9.924724781419402,6.121212447353043,-30.786256542740883
251,4,5.062614885600613,7.375684785592511,7.501304903829794,10.270507344529113,6.293892260155203,-73.19758007821568
252,3,8.460463963728559,6.644436951340822,10.540618300172838,10.779930954572883,6.322890347381865,163.74183080967384
253,4,8.642512335686877,7.981915569974181,10.194199063444685,11.69058701129773,5.99476747640751,254.6196738726111
254,3,6.507673053266602,9.610783030188038,8.120815313087165,10.481857074663685,5.9821533301594165,32.00926699117924
255,3,7.456870699668115,7.182909324014456,11.14648816934735,9.884220990845137,5.421246497723477,6.208710889484656
256,3,5.800912556814067,7.908089864039666,9.961751680301516,9.310954071028593,5.840545149740985,-125.68434852338717
257,2,6.959605781017071,8.452919330193657,8.111664709409109,8.367839702003444,8.817018765154423,-67.04111238593536
258,3,5.7007564553348455,7.854178520197384,9.477218168288712,9.790400505712638,6.384900962071261,-74.94218263294864
259,2,6.074967670750189,10.611812905062953,10.41808984947437,9.077376935416359,7.332267943603004,-79.99616300175833
260,1,6.780504766586905,9.113897246228564,8.152017029374816,10.423091343782536,6.317255543175207,48.291000271009274
261,4,5.621631881532801,8.43413635115172,9.711866994184124,9.991157088275441,4.593061337093965,-103.39728826671822
262,1,6.416113031786277,7.0085901625474625,7.694607167707018,9.254020754811283,6.783137527988411,-76.61916946083001
263,1,6.918451508060007,8.041286422776148,7.364906246637498,9.084757587878727,5.400706456863459,-92.38692861107067
264,4,6.466611473470433,7.541180102770528,8.887086718316029,10.073900048074316,7.983140436000989,32.772201934661176
265,2,7.499079575356418,8.864081405639528,7.817440496657852,8.574886373520256,3.352844171239557,-152.22912244388877
266,3,6.634475348488623,9.039961950167127,10.183356337539339,9.273205961306479,4.296245248716656,-114.4001488099083
267,1,7.004770425709676,7.100219237947565,8.541864729120752,6.749731891219156,6.306583747157363,-279.38847933380464
268,2,7.511145758831548,9.193239563642482,9.155640690434586,9.062649808441414,5.028575564524412,-64.03434899185086
269,4,5.98364222365204,8.531111857177226,9.92366914228912,12.04175325920382,4.1422639965557515,90.53298069347144
270,4,7.03503449340223,9.025899882402502,9.233145120199787,9.778290693395402,4.111399462399854,-50.650501596123746
271,5,5.6973465066337425,6.029942446037918,7.908644705228493,11.167459657205875,4.770321218745548,-1.09449174741006
272,4,8.02825730845955,8.605273342424912,9.24799255090655,10.525680203569365,5.90123390300612,115.70529001824254
273,1,7.061670793791978,6.90539040248679,11.19528393024413,8.900837464632804,5.531395033342209,-103.26201825814115
274,4,6.985346022021024,6.980100747998226,7.5981690030809945,10.218483322516335,6.705766412803567,40.31604769010462
275,5,7.063183345887624,8.967429591119698,8.97380908572751,11.321567304504251,5.625427602489546,127.01022627267419
276,5,6.4094638373171255,7.398797907908473,8.035252664897117,9.692146909208008,6.246838111822643,-49.06241969268909
277,5,7.385311243826765,7.876289950947508,11.235793239896084,11.260714813566903,6.401958041887692,153.8701457946384
278,5,8.160434261073373,7.401499604299971,8.059051434321127,10.793603070846288,4.9577258785396126,117.62126587353947
279,4,6.2354422903778035,9.032048483065767,10.472556579871249,9.144901351337442,6.523598388780351,-93.13026786259107
280,5,8.738404001664877,8.275054994730578,9.366400430774334,8.09999493900949,5.806438351730379,-65.58281461920137
281,2,6.564872799025402,7.173405707150753,8.982989275142778,9.470325259327216,5.764417953633127,-73.29036168890441
282,2,6.070189806790047,9.08897799918727,10.343656696912488,9.575466821518084,5.313583305137203,-93.87062655485049
283,4,7.318481123976058,7.77106136760824,7.6369023861337695,11.596508353939594,5.748020394314276,163.34500747976173
284,5,7.446485374041257,8.050915363659874,9.096277391417752,9.739694119616216,6.0914589339628105,13.667615721808732
285,5,7.32840839198912,8.420889150582486,9.62422002206767,10.581775363516382,7.922388254793572,130.25526917281798
286,3,7.735851307491848,7.162931529589958,8.220063834434134,9.25687246519008,4.919923836048508,-46.87864696739749
287,5,8.212786623817259,7.995169229168082,9.780468275383068,9.596072181321919,6.181027816941784,46.72766919352848
288,3,6.293497090870248,8.493950762075182,8.21014638009239,9.72244383299365,6.63863755504192,-37.558667014097544
289,2,6.075960600349224,7.348416821663992,8.24650944754892,10.521647842035268,4.63800364832406,-33.95364354064271
290,1,6.525595026141782,8.512751216797083,7.439304433861098,10.587788355847973,6.963287635661544,61.50031179147963
291,4,7.717172950124132,8.979746284176086,10.22459157084337,11.971148903727645,7.163331669623342,261.2832740125476
292,2,7.184851998034942,7.836371445515048,9.132400113267757,10.239310057283962,6.213233884230025,45.5544430379617
293,1,8.000396715882733,5.909614877263539,9.1214457525862,9.178989310749191,6.005772707135145,-17.93516715995843
294,3,6.1753524633496655,9.516443300070652,8.743797664216892,10.747065484080398,7.48426078135676,73.84264850616182
295,2,7.351602257919714,7.50816058078369,9.82870778610472,10.48133692032154,5.6861679324097025,62.066516230030224
296,4,9.187017531782168,8.781054396449509,8.512133045319908,12.038049487942299,5.8894469916703285,318.38326375276904
297,3,6.875768555708043,8.387739188130116,8.375221702508206,9.28592407380963,5.44499608995954,-74.0802781158106
298,3,5.308312979179818,7.760053727616626,8.493907258647473,9.882052852168183,7.8911229292294305,-52.094853930467444
299,3,5.979265746995499,5.95092049847416,8.168427398764031,9.278811078251422,5.26173429868908,-142.7964452147318
300,4,9.57926970853456,8.402782535378039,10.304995678682783,11.266302402314349,5.290426373749445,254.66878688010726
301,1,7.660056374991115,6.107858843553123,7.669505699453792,10.122224333247093,5.031941251481648,24.01637248227696
302,4,6.188218891238176,6.758462302116699,9.655181589340373,9.305134888113061,6.88076289596397,-83.84886792974224
303,4,7.283574851455269,7.486878966817129,7.56059185597568,9.180755502783231,4.969264351793486,-76.4847772626657
304,5,7.969857451087166,6.317155163615753,9.383895071809766,8.349815262539675,6.394891592180726,-82.16662580467393
305,2,6.2235094799562125,9.180133657767565,9.251172304328643,10.340087685663441,6.980383840467158,25.840059890520195
306,1,7.134496853086736,7.6044797297828355,10.048140148111042,10.522842877004475,5.865181856516624,58.45614058833867
307,1,7.266359808253297,9.98210602374626,7.753295815659771,8.803665229727375,6.42933675392622,-62.269800218728726
308,2,6.9741096769499435,9.336643127444265,9.738017409163376,9.731897361720774,4.942544726223058,-36.16425890224546
309,5,5.316574689709431,7.25656291005258,7.803574760601713,10.2370125152972,8.04275160141707,-18.327745392400974
310,4,7.164666188135902,7.852755327093931,8.338348140902294,8.534551327151922,4.409509981768691,-153.3671923140452
311,5,6.3597499039925145,7.229451984682454,8.475493080869875,10.579985963627665,6.7793429441861885,40.14895309151629
312,2,6.074829229204247,8.938083459185354,10.624239055550051,10.143568402684899,8.053480267337115,25.295631754805523
313,4,6.929798270783235,9.10556211708716,11.516756448845936,11.012811106666486,6.012625323828268,101.88534337202888
314,3,7.117969589881322,8.03800039788126,8.73105488482001,12.16501343471005,6.21761782854052,216.1154461860854
315,5,9.463611685966871,7.333597408035442,8.069935289326198,9.7407679297566,5.854459706692301,119.55068234066187
316,3,7.484874482102811,6.9211315342312325,8.790993370813347,10.874830991842494,5.936195692499916,108.5348060717314
317,1,9.06122879178022,8.522921553547386,8.330442994173357,11.469209626395534,7.74491915904201,305.10126578024375
318,5,7.522095730400844,7.760054295873179,11.000256045001152,10.008163018912898,5.36747250453729,22.60364539376853
319,5,6.764147683369914,7.175144907551586,8.931980906432647,11.250019913447641,6.066804215272848,105.43169599931628
320,4,8.298629737170137,7.79210890797418,10.31162698445628,10.60021855824156,6.249066924625301,142.50732073428776
321,3,6.344801144805489,7.650590591951696,10.365450516833334,9.140180857460006,5.712413118613221,-114.73480030314539
322,2,7.783717608228066,7.315159810929332,8.64729034875941,10.082484444965596,4.215156805026793,13.183304243354398
323,5,7.582218135967478,6.262642976695484,10.629733032556308,10.59383517571303,6.077560469229309,88.83035505209811
324,2,6.298905576727195,5.829148856392406,8.553611666150552,11.789296132902217,6.171078750192621,123.17396814197716
325,2,4.232149919301124,7.713699894877094,9.562928130885782,11.727845543585094,5.501895867981927,-7.919719523312957
326,2,7.216638000246172,9.564462084126001,9.676760046239556,10.763955111312475,7.019587458474775,123.50094611953054
327,2,6.5936269334336215,8.93439935334289,9.51457135188932,9.987146379199148,6.1637828182836785,-6.478476427678416
328,5,5.943912363098823,9.37337806532466,8.032998940976508,9.781549244730313,6.623706273416454,-48.1393101310442
329,4,7.776969554837075,6.637706696501793,9.049810326139545,11.26240886228069,6.761754708618048,179.14094404944308
330,5,6.119067203904172,8.665933684254176,9.164353008426174,11.210263660442862,5.86734015978933,67.45993957339432
331,4,7.603926480699204,8.1551032339732,9.174744883103235,9.968414571463047,7.744380565523621,85.31496863000653
332,5,6.533817075173446,8.709226053075248,8.685945504081344,9.788704924254404,5.215601831833977,-52.40232411929887
333,4,7.669769266619505,9.361696610177022,11.04509890098824,9.665603400734433,6.631041218443698,40.1377372817715
334,5,5.816759380041175,9.824683768971308,8.173196459014493,11.087859032934922,6.9261495896018035,71.52134904296398
335,1,5.555755858004163,8.618352237558193,8.25879616786156,9.307121350337827,6.912185312093181,-109.68934090311627
336,5,7.396240832095033,8.075567237842115,9.192205977607548,11.58209968706803,6.367463846088362,183.37947413161103
337,5,7.35856881540526,7.813216773876724,8.907432732978638,11.611814938410589,5.693933516548374,165.9435459071406
338,1,6.340296234844226,6.395673389129896,8.463785442969257,11.29636031443084,5.415902010525874,65.29608506921286
339,3,7.143618276339415,7.979425274443771,10.152183049042701,8.77701264002961,6.551825959306744,-78.93332230637972
340,3,6.39374985807338,10.330563593712093,9.118801087447062,8.8534421257279,5.329715678253816,-133.43334710908078
341,1,6.9726166815056585,7.795369062070523,8.543918162884415,10.507666969587868,7.6849938697461155,94.21669691557842
342,3,4.509318867857461,8.194544050005426,9.335792599816537,10.68774225926111,6.115063661277338,-67.4481582821713
343,4,7.186646390444797,8.945021088476352,8.699115859013471,10.881899733334295,7.377666085730287,138.13747513632273
344,4,8.18510608963077,8.329070645372049,9.994475862603005,9.492250427504956,6.550007223612765,46.66105496974495
345,2,6.452933260457109,6.936446414169806,9.977419703855432,10.04263657527827,5.715769661247627,-30.654286677925036
346,1,5.044538570972268,8.315208889393602,8.521252695064739,11.225354709341264,5.787416159635093,3.759116364503786
347,4,6.998965626723057,6.053664224194415,9.106533693273196,11.36839509029524,5.401939311590933,107.05657663090751
348,2,9.27891343334415,9.447654758242294,10.559391312388255,10.553545987633537,4.7750519618341905,165.74775149698485
349,5,7.789945994762298,9.41088815808627,9.770946177998745,10.522437542618157,6.680896440679952,125.45919040543755
350,4,7.772294425774643,8.843547212125914,7.539996577374591,10.808539394330708,5.250112786271853,111.32862944747852
351,2,6.17972993351643,8.636700190408726,9.174084535576913,10.29009403095593,7.479466525147248,28.448656809769357
352,3,5.431578379959988,7.519371757007466,9.348368083387442,9.133216160241412,6.814041486702274,-140.3689173170434
353,4,9.020035381256697,7.442529216381261,8.907771083304937,10.385100891797457,3.8977128379547987,103.87041794103519
354,4,7.895336176151984,9.59425786553008,9.386397369114356,9.57086325168358,5.205307464831465,9.775115037317825
355,5,5.988826832909714,7.679193739964456,9.166090195734583,7.8884440589821105,5.345537237788825,-256.4783316543139
356,3,8.543656204369729,7.021321494355306,8.075238495189751,10.931585808167512,7.104729765129338,203.56639528944237
357,5,9.232807154405446,8.494783931087845,8.123384576063888,11.109400505660567,6.425453443723315,249.43093145211287
358,1,6.327567727460937,8.332808321814,9.69311848179278,9.753127446541066,6.354718577930677,-40.795791887994746
359,2,7.71570490217001,7.121354726523929,9.966688303846444,10.259816374480277,5.434571093888831,54.74346192702467
360,5,6.1893929245429415,8.067011313998774,8.767423740849457,10.310851031438602,5.482267910833371,-21.74210375301219
361,4,5.713895004778587,6.68351363222176,7.923720478153896,11.183878960325721,8.256920115115031,91.73796261571523
362,2,6.607691440476216,7.73957163538543,8.145692802188105,9.988452257108934,5.619617667756379,-25.140188467859712
363,1,7.787026489816648,7.779793209824745,7.997813068798168,8.86357436799985,5.404062448917411,-64.00892545673294
364,4,7.476408796310999,9.140435649008362,8.025253307254026,10.936039024354763,7.974653035296786,175.48047120853667
365,4,6.16633781644379,8.3406069106191,9.529103118586507,10.800508610028121,6.537948545656552,48.505248469808535
366,1,6.639017647430839,9.011691736752672,8.06105767338375,9.113220131579663,5.964204413455584,-86.90064723920277
367,5,8.223565411294386,8.206727825145407,9.22682323772797,11.225147336349796,8.106854494574465,242.82956069197195
368,1,8.356404229517151,7.91169538344818,8.573091271496532,10.90791186420564,6.167544387749672,172.02118899287353
369,3,7.672461149960653,9.723482938531072,8.41218579687173,10.191722788493971,4.2912189078856535,30.840401909513908
370,2,6.278434760678511,8.689719939713815,8.627280954915241,12.188302316790532,5.973382800563906,167.09123528014584
371,5,6.258160893838366,8.020729051789282,10.998855105424749,9.872121456276046,6.929887403943985,-21.132538762840323
372,3,8.260498155445884,6.625356678945691,11.62254815494166,10.785608049897865,6.04614300703688,145.84597604641814
373,5,7.578957118685327,7.323192997141402,10.885368547853753,10.61863477328437,5.19151528597721,74.05995842922344
374,5,5.476896052828894,7.125413712090962,9.262564844483265,10.012020657177164,6.379681792602841,-71.92129309845534
375,2,7.605398268806471,8.675536620607048,6.649335076112976,9.486289361142047,5.636875420601487,-7.9752314534205775
376,2,6.720880882908416,6.8409270672000755,8.702629212260678,10.588167477142482,5.062010519230713,16.560873383514522
377,5,8.66434975171833,7.28806584159706,8.135898666840882,9.541335208196275,5.846933992706949,55.52801370882453
378,4,8.01178062030958,8.851826264294061,9.339579305695326,7.5887064755702305,5.001351038585622,-170.29241504730624
379,5,7.672233315197161,9.858467255801827,8.131389710325019,9.386367027616108,7.357370173481005,35.86021298434336
380,5,7.3907272958031385,8.297822404469402,10.760109169948446,11.478500473877814,7.266942238042009,197.2782154189357
381,4,7.234066510984988,7.935466838399713,11.045017530667524,9.729623950012407,4.0815471586932235,-50.298025312919385
382,1,6.307555174522398,6.915639292179886,9.567829698691375,10.495368723840334,5.008056865891632,-16.277185220734722
383,3,6.153603919771179,5.8581430893002935,7.762405487501914,9.886654272425217,5.142180056266324,-81.92884607125887
384,5,5.863839063392923,7.217800907313902,9.819508017681605,11.069839260854273,4.804612194698686,6.360576577559975
385,3,8.0701371265206,8.674960050419765,7.186262206055355,9.655001644172954,4.838330717160141,13.626386984546313
386,5,7.83495516888238,6.275406560293601,9.183311955953041,11.389346029875602,5.413701109960244,158.42326986402247
387,1,7.625037496851036,7.564465090658346,9.396482265299854,9.368277658535318,5.626121971434096,-23.361294170875773
388,5,7.47246394941803,9.174223774045977,9.258876950890807,9.987401764938598,5.556153459868075,29.61677018786604
389,1,7.309929138698536,8.379197702407618,9.172292723936545,9.634785164582402,7.1963628807939894,26.00971102065946
390,2,5.922746963666774,9.518066214671196,8.932636639773964,11.27119976973589,5.180858572767147,48.98567442208496
391,3,7.132519739663896,9.285022720799635,9.535571036862416,11.586061379086562,5.705850093063486,158.40274061480363
392,5,6.395457292764896,9.085695709660852,8.595174594291278,11.883979519459924,5.66521591409784,140.96407520883503
393,1,8.615058144094364,7.83385195584724,9.47374067556448,10.55862776295103,6.604518141840863,165.81916316567296
394,1,7.706691029279184,8.179938914246499,8.59170619141817,7.978466628222019,5.949806318933087,-132.32640958549004
395,5,7.8781723857752635,7.579250662079921,8.392133725997702,10.67742577569352,4.191701028735785,72.79473327405508
396,1,7.330094215995408,8.666427323918462,8.392677447823779,10.03257447545329,5.995566013227437,34.188731136577445
397,1,8.581103841591359,5.920237039053802,6.839529726296026,10.662220893363301,5.534905135666309,136.89045015584173
398,2,6.450251834803268,7.997572279610298,10.134440460842004,10.720300136593352,6.467292741915233,54.21076661472722
399,3,8.102337145698874,7.208939104870502,10.02219136489095,9.905206257013614,6.083480015338978,61.674762082557734
400,3,5.264326155235119,9.019187767431935,9.299710442670882,9.568952486472643,7.445094051102588,-87.49600889332339
401,3,7.816660393763473,7.342072675894377,7.9896475072660555,9.060640487496604,6.3621615307588675,-22.930147276943305
402,5,7.006364129625947,7.553478206783978,10.758447359858163,7.910517754243713,6.920415644007647,-157.4453523518812
403,1,7.510047397808424,6.325842152326652,9.10123409629307,8.453372388287178,5.419506998955513,-123.58629600615204
404,2,6.3135902855452315,9.141391822810967,10.601253034000173,10.429144491697398,7.639315951891017,55.17857925604918
405,4,6.9505575853185375,8.204951890678013,7.799255641649479,10.13687513648362,7.481986066645548,56.38479611884992
406,1,6.974245955465464,6.4465977491431765,8.19693307772255,11.627552173017374,5.746029794125254,139.50371778618268
407,2,7.761673637440445,8.183183625551477,9.027346002484977,8.539497446299505,4.378466285528869,-118.12168092296373
408,5,5.201766645022493,7.909470434898803,10.704652803850767,7.765444652890924,4.2861987200016545,-337.82877481257
409,2,8.396997806271454,7.145745112035417,10.166952149556945,11.001438454165667,5.346461914598401,158.2661573303948
410,2,7.088180012826592,7.7747046577127135,9.64360819089955,10.723225991257497,6.630891219488423,93.97393869180081
411,5,7.711166433800649,9.302426532657934,8.629487005712829,8.783723809750187,4.559999574040467,-88.96018352186103
412,4,6.442592204149038,8.756041685402481,8.215075938267061,9.929132835936072,5.667789555633561,-33.78527620895232
413,3,6.503690210179681,9.230840068663714,9.485007386453855,13.809884019567155,6.509479945712284,341.97674697710346
414,3,5.963512838556138,7.61002302948549,5.83401821654131,10.163458688215231,6.251295524152611,-31.032622575700078
415,1,8.221394459487252,8.825210421202044,9.477405967789792,10.535163435609721,6.004136282746721,131.13310352569627
416,2,7.192546118583974,9.052979492882303,8.578082937882483,9.837594423498606,3.963891562740186,-40.09714278296254
417,4,6.667358772414427,8.495712358835013,10.09001070222196,9.817747388350986,6.572618254884896,-9.269647465289541
418,5,8.049672157737879,8.016468104353523,7.854409423911444,9.107029162068194,5.03976872698193,-35.17537965559218
419,4,5.990832589546221,7.181551443214818,8.442786245070057,10.085338696796066,6.9830539490722074,-20.424527227231525
420,1,7.913060489805471,8.055390998531124,8.982068041149752,11.088596112610198,7.203729769054636,189.5586155529548
421,5,5.249611013375428,8.956862175667995,8.719875037025032,10.934209156087805,7.319967676230073,30.874642642200786
422,4,5.973901461005063,8.430570970389297,7.877339416724508,8.518153458691819,8.640871855396057,-114.38748825411184
423,2,8.326398586784435,8.194393467767284,7.74697004246985,10.70463335668499,6.601596473321825,164.16051781663387
424,1,8.445003241973152,8.670423615350906,8.788656682398853,9.871616667528604,6.800769656292971,103.66077109597546
425,5,7.73035999013181,8.921865170220954,8.887743148551925,9.558451586943622,5.366847646055546,-0.016530169390756855
426,1,7.47131757977519,7.985340916296938,9.827439917109608,9.97478228172292,5.521439664063991,21.69703505914705
427,2,6.078813906969817,8.303267434081386,9.133930490304904,9.917788309933108,7.22509758662255,-18.824678360172182
428,3,7.960232086537529,6.828511049778886,8.565171634373684,11.684875827765325,5.31313468558296,192.37491116289482
429,4,6.540857437455641,8.918168698919457,10.138489595773509,10.053955440737976,6.530612708510565,5.409043941763547
430,5,8.116747053848158,8.263334975844005,9.90180312337687,8.649912410586163,5.742103383004169,-53.51785873267033
431,5,7.479780275203065,8.183752111577487,8.03953522015165,10.395621058772624,5.227401162176515,53.6624856325157
432,4,6.505317493438203,7.837005994398484,6.693593102933834,10.101239592036077,6.19037555449808,-6.141925045932085
433,2,8.286642435429776,8.272446638150459,9.8009992393881,10.466051284327659,6.132769767041527,129.17506868481752
434,3,5.407936081217464,8.932172962401541,10.286320439705674,9.674353046284569,6.627589122658452,-90.73711912080041
435,2,7.908120933455244,8.374947229882457,10.192505227234491,9.13701354445591,6.229602021443319,-8.844395851762474
436,5,5.378733934276852,8.947673546204264,9.590515503533506,9.633238171839121,6.994910455928375,-86.8932886715312
437,1,6.6196258606543115,8.72305249039632,10.017111624824926,9.850831570321967,5.467746592930573,-35.68109407156341
438,1,6.748882843922769,8.981283727622987,8.98761771354837,8.786609208523132,5.044423809524506,-133.12566153382798
439,1,7.824813046182774,9.380136134638207,9.256108752856145,9.85232348723791,7.357055120380954,84.06672656195464
440,5,7.884366762096006,7.667441044664677,9.565881846975808,10.586113205741425,7.722290545832295,153.79044877992263
441,2,7.66335178066379,8.067249302858826,8.6256988323508,9.48197282920381,4.566743678063011,-34.98350899055394
442,4,7.1851218161290715,9.252755138796733,10.403649265921803,9.087824976348575,6.222136387279831,-50.38551423189401
443,3,6.991284633927505,8.640496202678591,8.094387116456486,9.318323957634771,7.017143146251876,-23.840783549186835
444,3,6.664985609934904,8.859927402091962,9.173335043416555,9.907045284806848,6.475605161472172,-2.101330821517393
445,3,6.724282417884357,5.8807383333073115,9.100354139674904,9.910248613769467,7.251984155994101,5.951570384561875
446,4,7.233975642882933,8.743405145974569,8.069514648828832,10.942142093259786,5.554000669240814,99.84141287270567
447,4,6.28729765260301,7.499509429762549,9.5695471211127,9.531620814337497,5.558748085573923,-87.21847984912834
448,5,6.6069141094655945,7.0208255510329565,10.220630947847171,10.146482509776497,7.038262639288739,20.911452627505927
449,3,7.811732107981183,8.882593375228051,9.002247591909793,7.72591534078952,6.011816975583818,-144.0043543414212
450,2,6.907724147752256,7.010232727330099,8.86559805764249,8.804505251357265,5.923923467475949,-110.49940844394871
451,3,6.638257215377424,7.044868368744253,8.77608366702614,9.924828197367942,6.678201944400552,-6.201033374142201
452,3,7.782396409632384,7.853229342208282,9.85499048670451,9.033858913114594,5.6070504015169105,-43.42806812315144
453,4,8.375270621325953,7.450435238218215,10.162628762494183,11.103781857354708,7.1316617049725615,212.44218069573728
454,2,7.613256015589524,6.389715785461636,8.376802865638414,9.009491967275572,5.265386579878329,-71.334033907701
455,3,7.053483463182782,8.51106002378906,7.963039871732916,10.795408991811026,5.032462137110628,61.92651514373874
456,4,6.085107467392372,7.317109835834006,8.41684333251532,9.663556341907908,6.357602298626822,-67.84742630775594
457,3,8.270501959282733,7.46702667557653,10.344126619792615,9.977910800863858,6.485704289815066,89.20440256795013
458,2,7.4827342584894145,9.712885495764993,11.047521604630761,8.812851729518739,6.057290316602663,-59.68069860674543
459,2,7.2706502004842815,7.854085209096909,8.115545841175358,9.84548361757537,6.1358425271239465,13.28518500682257
460,1,7.33573108300728,7.9860281642468225,7.459445775184507,11.00916417028643,6.584365244435253,133.4437466604661
461,4,7.221587980827562,8.358041178785891,9.342672612291976,7.973448272162827,6.54515831704164,-144.60232773696808
462,4,9.347163326383154,8.949161096813432,7.659258724978887,11.01522815973056,6.267557182190292,246.070777534955
463,3,6.897870785788929,8.101376144614777,7.806056763061024,9.69245093703454,5.909872744524537,-25.9766674664732
464,5,8.25864911453495,8.692819508887183,9.02455311035464,8.988189800174938,5.406188499740243,-21.08369429616306
465,4,7.289365749706782,8.630903403137559,9.78918192002698,9.832585918037706,6.301662315287816,21.339872793238264
466,4,6.486892469491211,9.322472396860025,9.812635903484852,9.940436438635402,8.760674839055568,50.12017139390258
467,1,5.702804996029159,6.2590168077531985,7.960960628379137,8.111193400163978,6.397533505750742,-233.4263389661136
468,4,7.397037702702876,8.041863312927681,8.480483237782584,9.993136598650642,7.177604514101525,60.864086320033934
469,3,5.898460378095338,9.06818905517461,8.479729582727021,9.777308301287563,6.043354295470079,-67.52187611320304
470,1,4.925123111940451,9.09657081374862,9.15939668867682,8.364154366910677,4.383902867081698,-291.2958796924291
471,4,7.043790360096269,8.963845553363155,8.863771289570414,9.936153769457027,4.078505268498205,-37.31895602998952
472,4,7.376057956855873,9.33269136538801,8.560171165634774,9.555783967027994,7.001593973782455,22.561322931560177
473,4,6.114383130531799,8.311344037001351,10.540785490698411,8.72296236340607,4.003700745932259,-204.60174976219426
474,4,8.094032285528531,9.365845899570159,7.953499005809147,10.490657758311192,5.613357769198112,113.01777858921444
475,1,7.273589114413201,7.139832217759849,9.189271063693768,9.469219494296492,4.849536332375709,-56.14298796491275
476,4,8.354514797238595,7.677770593363043,8.174869360188895,8.3659632012338,5.325917780146597,-78.71508990769121
477,4,7.07389159689408,8.09119391653587,8.561152300405857,7.76017855842221,5.095474787826082,-209.92977560055925
478,5,8.500704834718938,8.791147847124845,8.310801893859656,10.64457978073848,7.108439740178071,184.56802660914133
479,2,5.043526300861119,7.631295838050465,8.921235731870574,10.442166087269648,5.346384600627919,-81.19763828823992
480,3,7.249014237633366,7.786303278505626,10.382940356640873,9.81379626958391,4.949071281990229,-20.7215984137113
481,1,8.345090608913985,8.964499928516666,8.283652481670918,10.716142948030889,5.45599275251902,141.43123483325724
482,5,7.416898110086896,8.172958572169563,8.281547092736636,9.008112990045117,4.720832206980663,-87.28860387994497
483,2,6.7976298135890145,7.727537090541177,9.970508020075762,10.2929764259689,7.640090932719402,63.42113531620859
484,3,6.598111694587912,7.083544658042602,9.360999273743671,9.825490477644268,7.821650075246683,11.366200096996101
485,1,6.632058353305464,8.83858117746743,8.92576935682901,10.564563331845333,4.606399834689541,8.12950485590053
486,5,5.187461516421527,9.80604925442843,8.654758704602413,11.356760812335938,5.034483048645544,12.451436039771009
487,4,8.080235725001046,7.312032754432464,8.314193036054125,9.940120614833896,6.908828800556986,84.6907141746832
488,5,7.115995108279678,10.018342432437885,9.238590503429927,10.831068137395514,5.540856207632735,89.17292027344476
489,5,6.797368626177431,9.088608999836152,10.14464340369452,9.387095032188192,7.430135353064988,-16.22164480192329
490,5,6.035032936535638,8.368217359781852,7.93311430149007,10.929662610395688,6.023065172285727,39.81263569369691
491,1,7.777089136195456,7.725955879434108,10.747114566500922,10.059981515333902,6.405935832252841,67.70800934604914
492,1,7.325724420012124,6.973794574876125,8.654659574214705,8.775821291704412,6.098207652021889,-84.93088177144051
493,1,5.919279226776739,8.809535158106899,9.146537219620795,9.566599019596637,8.02980179126853,-36.815269610704014
494,5,7.528480243857416,6.949280029982607,7.80728568858186,10.291804478462089,6.000919271143637,60.01680382116196
495,2,6.135766702223949,7.7160832327291615,8.857182707950072,10.392399460031303,4.6602916695837955,-39.93105209268246
496,4,7.313055392622303,7.921883382883226,7.416175653715657,9.027734817418104,5.862091589150382,-64.17956511077274
497,2,5.8533389771388,7.2330957503901345,10.699960565911985,10.414612909410325,4.059199595981842,-71.54536329980435
498,4,8.452615874353503,10.658762542999987,9.792779756557026,8.615714344238421,6.514463212363172,-5.80189621277897
499,4,6.565968044188241,7.980163731359776,9.29854358143061,9.28161787913667,7.874298710754563,-33.44263457860878
500,5,8.248240495682348,6.228706407650849,9.930039092370693,10.611269024476268,6.414467880955561,136.72309020063352
501,2,6.154390049276834,7.386977557236804,8.339766120928575,9.845352080835928,5.2706557824627955,-74.42388594692522
502,2,7.38396682958424,6.914424891369052,7.2701958732075544,10.284416681962027,6.837903276451964,71.93352373821526
503,3,6.480953704940075,7.904180742113875,9.39664881446506,9.147827980244656,4.819620922573927,-126.7964689908947
504,4,7.028874710400927,7.806574880167318,7.810225334560409,10.430316928031862,5.044288273405069,24.472930958073462
505,1,5.794350098208966,8.862486036083652,9.67189543231936,9.179728509729468,5.829204503033688,-133.34597115174645
506,2,6.844297013051253,6.746524168945582,9.272248721506394,10.258382335726823,4.057668966541141,-31.403177159132007
507,2,6.603096384189082,9.57282414065666,8.83342498146218,9.853593884735615,5.408243388941514,-33.3004732492442
508,5,6.792483010177767,7.230871131742706,9.707574195966052,10.684666559927733,6.290538284032011,61.965936089643165
509,1,7.024253064354013,8.388450992915576,9.5966896014494,9.857124774565422,5.999663343510155,-0.5251621316582984
510,5,6.943278019786982,6.920032043637165,8.28483545199839,9.9127594565017,6.30571099526622,0.31965593338947873
511,5,5.471151288474822,7.89831829249951,8.779411286573481,10.398278019399747,6.226428569023451,-37.406536919289294
512,3,4.115893840134749,9.764430425790412,8.154645881735716,9.361804616930915,8.029416156098035,-153.09832907849363
513,2,7.6440270486387,7.060908238328955,9.255692872804783,11.932094246807791,6.008575844939629,214.9507357059807
514,2,8.365554337363312,7.961505483800399,8.433107537998916,9.965989237283637,5.685256629886709,76.08862576035895
515,1,4.9944871185457105,8.436157388024878,8.477552615800125,9.47203570451357,6.326104350282678,-142.47269453281666
516,5,6.8278004137819925,7.023973954495714,10.326217842382844,12.112380475004585,8.728420076597219,252.31163085473003
517,3,6.5516029204709305,6.460145629526896,7.937907080621846,10.49046710727334,5.4164815642814546,5.256929559970262
518,5,8.523016534456408,6.8275402371323475,9.587859276652866,11.954099731486604,5.747881874787453,259.4358197493093
519,4,6.8420153104308605,7.451041649578838,8.818388385021091,10.036766736665784,7.213627300017579,30.8890971061152
520,3,7.193635893985207,6.842545229413183,8.8789868601563,10.75585840093721,5.45488144983986,68.55675805318886
521,2,6.8352326217083785,7.598953696257149,9.249657417146928,10.21441054862381,5.593815768530671,6.786917281325068
522,5,7.385513181295156,8.964659107209076,8.063283670435437,9.874856673067429,5.6728944188252735,16.58019233666513
523,2,5.752544718784162,10.372937884196176,10.361956293055782,9.750045039411418,6.121991413117386,-69.24102433647019
524,3,9.264011111079528,7.970244433646855,10.026815302514569,9.065157277216139,6.687561253605846,71.57171591047133
525,5,8.839443730444208,7.937573614324744,8.514424607219661,10.225544461463297,5.486892840890832,121.20184979076836
526,5,6.632893808620216,8.911950617798059,9.62919860387796,9.819666902745631,7.257015512656432,7.922878452690178
527,2,7.955036403166458,8.571295903462971,8.39389792062459,9.331900488896691,5.208705514262139,-13.253173481240788
528,2,6.468684363555174,8.55436948364303,9.91252873891372,8.860058973356727,5.545690765923485,-132.30887828478984
529,5,7.794808948723889,7.806476469098804,8.53636229805382,8.795083304628108,6.0117717391785295,-54.30199878805422
530,5,5.164548181220409,9.589459093970742,8.475114793828107,8.835927247638901,6.020034326408264,-191.66533649495958
531,5,6.527208882195916,8.43672434185092,9.536856236120617,10.190831309578966,5.968407527299428,0.7903200557943804
532,5,5.821043095660088,9.457473516745694,9.913344552072434,10.458114237932568,6.991654263181766,15.085952181559348
533,1,7.995036122706596,7.637572491660684,9.395898000608142,11.863293985210715,6.066533630128158,233.2635302056448
534,2,8.618121042254604,7.465921264516169,10.885372835013811,10.9727723887787,6.464774154880287,197.87448140412522
535,4,6.923317689621476,8.014280372708832,8.655772950600008,9.001367900617067,6.518201174718573,-71.82928384458715
536,5,8.661047835148814,6.164356446597394,9.07355896908084,10.04625742558067,6.102198886753228,101.52083818774558
537,4,7.434007321745914,7.792419381416728,10.338999459278732,12.145545498812844,5.998579058536344,225.5809129379408
538,2,6.418284628710443,7.958913936426743,9.431958435912234,9.81078948677865,4.818477473023205,-70.87932788246505
539,2,8.094939259490642,7.2492953883588935,9.010588166718918,11.40624836049896,6.375405990055428,203.51850772383708
540,3,5.878323739505896,7.210248288010422,8.295396303332918,10.048413827798962,6.942291588373609,-30.922858367060797
541,3,7.962417612793498,8.243547025864501,10.68502992264827,10.33654002930813,5.621193661138272,85.91956583915851
542,1,7.34625173376098,10.068362047078558,9.650862192234419,9.277941222943644,5.711591224544584,-32.593742740657554
543,5,5.898606290326751,8.123917981457595,7.716077074251247,9.969134166718103,4.196791216671284,-101.07535888238073
544,3,6.986969549403249,7.9798196180343925,9.297950547457782,11.860616717484918,5.715440592376105,168.40957105439355
545,1,6.593563208239328,8.186357737338085,9.410888696362338,9.523690636109148,6.714799602041984,-38.1038617101413
546,5,8.301821087061613,8.31828111262967,10.113322599604093,8.500982726542464,5.534933081128753,-61.28942205162051
547,3,6.520882126169545,8.590725937016565,8.88903404503988,9.75661422661458,5.526901565499108,-49.1260185203604
548,5,6.424199842143011,8.684733745275834,9.113876459381219,10.231748334847063,5.950476210853576,-0.7136379044604022
549,2,7.857912709597496,8.209137061232031,9.919189454711566,9.582899517158722,3.581565579992105,-38.740723648058506
550,2,6.879718274448466,6.933135088040331,9.625767119709712,9.195097624362367,5.471009909902219,-88.6455145137981
551,3,7.745864449380411,7.363471745124872,10.043115014639149,9.899816692994207,7.568817009465086,78.78648969969426
552,2,7.33126314124137,7.23943427614162,7.872368702764556,7.5826018002662945,5.070980923558439,-216.16967684113072
553,3,7.0370852098024805,7.620695388316105,9.323962262667399,9.691338211615927,6.180731808583697,-13.864468626027648
554,4,7.032053821431579,9.572756263208818,10.682690451933368,10.987912992717781,6.995872625942527,132.64273253608457
555,5,6.449702906843549,7.568433508671197,7.705601724798072,9.2974733375965,4.1402199291209865,-134.13393926915822
556,1,6.327697867782682,7.36422877293011,10.611388713449449,10.151669052460246,5.69916957185005,-26.44329688528274
557,2,8.680106259528722,9.377022112622946,8.283930475769118,9.454610958266839,3.911647330671001,10.883338274384254
558,5,8.735434365922561,7.106805339126545,11.198183525158989,10.161202599138889,7.854653991665725,164.6324852563441
559,5,4.99607741873662,6.8133254576622475,8.960701415793821,7.982248588177541,4.775773837180642,-323.1929940980219
560,5,5.818000374252641,8.98361027598688,7.888822925413885,11.990172602595706,6.171708978097296,129.5965898500811
561,5,7.3528239114335525,6.82534747457029,7.424632351348244,11.382838407171818,6.115484681968783,150.46747800063272
562,4,8.458866021630374,8.508301090440714,9.223984226463585,9.374113906092553,7.447313533958103,75.16480078637892
563,2,6.338157298885929,8.817353720834838,9.973834936409697,8.107886933465332,6.573988170058708,-180.1003456331108
564,2,7.7615484453245385,7.691987324376507,10.53716733423267,10.562393851122392,6.599259841182374,116.53156637548847
565,3,7.664784459294666,6.525203605689114,7.664824569400087,10.578753262982277,5.3365339174168716,75.03892028046211
566,4,8.477070484890646,7.393806198829919,9.996608751178815,10.865751208061496,4.296269196644137,125.44129500371065
567,5,8.5284613470206,8.338768206326417,7.991269561966333,10.285436261360877,4.987264139473012,98.34584255544131
568,5,4.820237805867363,7.952559230472674,9.51480331222964,10.023402742931111,6.299980264302612,-106.26354529559896
569,1,6.557410583221825,8.721602883721,8.732907114681986,10.05618106462811,4.988900072109002,-32.71592734092705
570,2,6.279628302354817,6.22058098579596,9.80387543662689,9.491834522080294,5.868138148043675,-89.99419630120964
571,3,7.160950016298864,8.020989669043523,7.816560310457183,11.693545359634383,5.2288503276711396,151.1906418557218
572,2,7.857876026277352,6.902621825290067,9.654757947847797,10.03925403404542,6.025081379959453,56.74788692661565
573,4,5.3603180339784835,8.335483996886282,8.941415719109465,11.554003849148502,6.903933062826542,79.419649509844
574,5,3.994503139553085,7.79867675753816,8.53924551334485,10.396301413104466,6.962247922770078,-103.95032797176962
575,4,7.166427105870789,6.6134819566978456,8.45396213759668,9.079992676598101,2.9634694474300036,-146.82206795342825
576,4,6.403259859702077,8.283961675623615,5.941966040743932,9.300102140097781,6.335241215094884,-77.93940668597858
577,4,7.773525488193383,7.622172440063137,10.176893107942497,9.830480234698976,5.832816388919553,31.96874817243728
578,2,8.647925416830763,7.549946625401506,7.834806016000943,9.31009967562748,6.205758925108697,44.19431265275505
579,4,7.594688200115458,7.984736774157237,9.512778949018633,11.023160843158559,6.364845474650606,144.02420417404775
580,4,7.993309591834308,8.650060013743657,7.582856519038746,9.476146068891172,6.013430121837626,22.532022346333655
581,3,7.904263782712268,7.351377842352512,9.355338627494312,12.183856845223676,7.2627028850956545,285.24486530520153
582,2,7.056026059440637,7.519355268998344,8.462141023006973,9.351652401581998,6.665669149416678,-31.66206594784286
583,5,6.813338182032066,7.402339242559436,8.852651052622127,10.389870862132645,6.862387370913544,52.23199664361592
584,4,5.7468833199708484,8.982995746405518,9.35817837877498,10.179068173339592,5.349411621800626,-57.64777481585858
585,5,6.617253384500585,7.278842486862924,9.631580316378125,11.593140589792112,6.189961846620552,131.43415069243113
586,1,7.065178012531578,9.915021462411204,7.510190277119188,10.685416580236105,6.5436954683898785,97.86012032894863
587,1,5.821654386473673,5.867259379542774,9.085845447636908,8.884303505720759,4.043332296245113,-218.17667948696948
588,1,6.8736578139815885,9.825631294371707,9.67153142846683,9.62288822455595,5.411354893520239,-37.549302915766205
589,5,6.555858630819778,8.189533998462885,10.906722911492384,8.285523446238622,7.090463230291521,-141.93366560994437
590,4,7.49092321613256,6.001993058737297,10.171739585868636,10.602712775645173,5.896638483952113,78.62534080070398
591,2,6.700361320664774,8.026195940861403,9.73548324329663,11.60972193137053,6.961731406439774,160.75918460014674
592,2,7.504105775497836,7.743920727992726,7.265717263616431,9.576478295199054,6.898913448556088,20.942230751660126
593,1,7.124827811043399,8.324686026864304,10.58190761958104,10.654783455771305,6.818339214346711,97.05744513998441
594,4,6.846830102851521,7.9565536046514165,10.18607625163491,9.956247916359693,5.109302836668438,-26.329893788673107
595,2,7.081880028274375,6.772656439404061,8.884232597443345,10.401919139924258,6.962872817262435,67.88814704037847
596,2,7.3532721498910485,7.482390229285102,8.910351709950099,11.124670911309211,5.6043495536405725,117.73580690021505
597,3,4.670284658599802,9.249277007340245,8.566087397632657,11.840116409962825,5.769154095485692,41.84461970362587
598,3,5.159481278844355,7.235890038616565,7.054299657162289,10.164398177129307,5.143743629361184,-106.50533950885007
599,4,7.107763502785664,6.5869228833489935,8.347205925687305,9.648101503758207,6.228730232827998,-17.953918979200534
600,1,7.680307309175434,9.229116418210424,9.65005266430385,9.518105250442042,4.983075556393958,-14.404137118804316
601,5,7.566809075024311,7.732156525377375,7.396088124216863,9.960522000788218,4.478180171831106,-1.517988039899383
602,4,6.060920282861454,8.516422716569041,10.076935340615034,8.620592936786192,6.155319364789802,-162.00483025609722
603,1,6.664562085982695,8.27315606375615,9.823193801255822,8.497334404924246,7.634530266904602,-102.66387966474844
604,1,5.515991623070758,6.909035408517516,7.7415510777302075,11.980491589625883,6.870816368188132,118.32117805843171
605,5,8.349573205121777,5.445628881922044,8.472301885088843,10.228618157076385,5.656411956869262,85.45256647500132
606,2,7.502385845750535,9.696529064224723,7.336843480654493,11.020023287156567,7.710001412761957,180.86183128002637
607,3,6.676651401275821,7.996548882656039,9.531660761654093,11.476892033699851,4.9709341518924255,97.42128221777384
608,1,8.225846955258616,6.116642898828124,9.715712687919037,9.683046365417031,5.608368097722448,31.376380170713592
609,1,6.624387737906605,10.483003436710879,10.049643872518224,10.655844286181024,5.7362628157196625,52.421598249862704
610,1,7.560125683193168,4.497553685991035,8.741067158787054,9.646985136280193,5.558149564090456,-19.317201107055052
611,5,5.413318116801912,6.814440728462341,10.292315577741753,9.318438613987189,7.117523190739942,-120.81596373470327
612,1,6.460159336597218,8.485545671189007,7.811487580843565,10.928651564086838,5.482381713719438,51.21310778351134
613,1,6.589855868423549,6.284043153180231,8.523845156711797,10.98673545127208,5.818899445043584,60.94564485715592
614,3,7.307811559392567,8.705582315221427,7.87335907438861,8.87224584593041,6.80422388371996,-50.96939647200455
615,5,6.741487974075941,7.855385876461464,8.927261044903682,10.681422903848729,5.6712634140091716,46.68436405505671
616,3,8.398280150733024,7.926539612668189,8.09924665820907,11.150366403089677,6.3434416408635155,200.59103033860953
617,2,7.491924586395208,8.112419176821502,9.053288885407264,11.484412191705182,5.326339885190286,154.413211128751
618,5,7.440292355602244,7.977903925896005,7.8145126332522645,8.758334217946574,6.3035502887397845,-69.67937624560255
619,2,4.880060470429839,9.142637564507403,10.171215367142638,9.778124954686353,5.170267723774521,-146.94975191113232
620,3,6.37800340298656,7.543460189811811,8.926232251585205,11.424251977813627,5.651590261256373,90.42256252367271
621,1,6.047042723287968,7.523267719633232,8.58036874010324,8.733446337393621,6.604405922037418,-146.32826440482324
622,1,6.91673743274864,7.24641867496998,9.222889953911713,8.673982406035044,5.197822215031385,-138.6617579181736
623,3,6.13528574667099,8.812001124513984,9.259530970276952,9.384772812278523,5.148078345881562,-112.8652082473539
624,5,8.046459705391676,8.231774566311527,9.798492962537392,9.94243355579572,5.876151951241722,61.67452339219408
625,3,6.425292310061823,9.172894951575483,9.965206134869877,9.268220612684578,5.487368735791758,-96.43325048044554
626,3,8.219613118966656,8.313562998880874,8.336577563201855,9.990744946740687,6.7934018214170635,99.46771905812014
627,5,6.447797470628435,8.203598541133237,8.747202368763922,9.217523892433615,6.819424509497992,-71.00726198812988
628,5,7.30463403837889,7.674115374963074,11.250191120927974,10.011405637338733,6.807079832675028,46.07786111833735
629,5,5.366860653843649,8.744974705640216,9.163357863457062,9.509685169102807,5.458373586032055,-138.02408228997032
630,4,7.381868014766544,7.69982953973082,8.39620107129303,9.621768991609365,4.737682767510479,-36.072129748851346
631,1,5.946211067586931,8.83393684933349,8.632989457647192,10.760824060241244,6.240997802580074,27.44803325286061
632,1,6.803266983453133,7.275896325553286,8.30492894159273,10.966359426276048,7.053445105667842,107.401575189252
633,5,7.500817304951116,6.585130002911481,8.971119410602348,11.889875629258107,7.50765712777795,237.9447494174983
634,1,7.407576446998148,6.379511138928948,10.14938452522606,9.389717976224578,5.25834194103522,-49.2017515298872
635,5,8.047764411036553,8.65340546923671,9.637871613150898,9.29972020395221,4.127688953273573,-37.401251797317045
636,5,7.903513362314815,7.058687729947584,8.629141751976872,10.459154311883179,6.351676952060226,106.12549059371956
637,1,7.013845383260615,8.017099038136465,9.653613774967123,10.280805137256968,5.880456079132437,32.31427704040517
638,4,6.3955988759625555,9.118810186347352,9.450680770977662,9.054580439104235,7.104032333656353,-77.03431210183308
639,4,6.998126506831676,9.444046445784803,8.537312407233713,8.499200823927072,6.064361315832378,-116.73216081853931
640,3,7.831632880262318,8.392897082919523,11.6410658432381,10.954208326417817,7.554438046797971,183.16040362096842
641,1,7.888533955079799,6.8776011681493445,6.551919056882625,11.474122783385306,6.0762286054530374,188.56053976408535
642,1,3.9533233235298804,6.857029796361885,8.563024801928202,11.098272057078061,5.344441292652277,-88.66609921663277
643,3,4.460015018398131,8.812925639411818,10.187188122362013,11.018699656929416,5.136772494862846,-61.92714695356917
644,3,7.438193592927114,8.386456456291961,9.479473114616626,9.991860793145042,6.505955816555533,47.94817304292342
645,1,7.863474548050736,7.775366944692801,8.593482441126042,9.412230719321164,5.970330578471571,3.878554843102748
646,4,5.608367767553284,7.715045334503896,9.01021811214217,10.534505701174037,6.033851154726814,-23.012468477602905
647,4,6.2425817818981875,6.299664643427848,9.816307432437068,10.697518747744352,4.873835306810914,-8.15458154239524
648,4,6.639956781827248,7.409825141850193,8.975257656322071,11.007251013575742,6.478158365906616,87.99729912195711
649,5,6.889759165801218,6.606197730773221,7.5789807462458585,9.49210982649821,5.314513049904072,-66.9757666231159
650,2,6.611613244750617,8.17302201066505,10.300032135766259,12.348231094901747,6.372962235133119,208.14161807932334
651,1,3.6930822787108317,7.627582114986227,9.987736145578227,8.99270832822564,6.115119152563854,-269.1115031977628
652,3,7.193630813415206,8.178247809361928,8.90205765055322,9.890508484514454,5.970575349061333,10.51409482077403
653,5,6.206490925844072,10.10936385017742,7.82317841069792,9.653925763357107,6.340261686620588,-48.086056093536854
654,2,7.727063912753271,8.094113547055555,7.719104945671208,10.087360379873617,5.802143507093285,54.15427090480034
655,5,6.7613625955633,9.293942580390086,8.347340633063098,9.100015811091529,5.5377352333411425,-90.51482953450467
656,3,8.482417750906109,7.319862301520788,8.602436591221215,8.935654571146896,7.074130923491767,21.796328652235303
657,3,7.3289760022045085,7.472033869642387,7.592565785639063,10.147648992225534,6.1010237193915975,40.97060539535054
658,1,8.49998068467589,8.708928980594623,7.915429587216212,11.153868858010132,6.357682885118457,211.16150496840913
659,2,7.84881452296292,9.488657759901013,10.47412778468904,10.891861835125335,6.574584084675308,159.61180263299855
660,1,6.928403649001465,8.219592509320762,9.3051540043394,11.143456868285167,4.030398627991008,59.39876412981907
661,3,6.778120554862324,9.636208641218943,8.547666585703263,9.92953295122558,6.11198336257956,1.206500961152588
662,2,7.214993647185501,6.879653463048957,9.633963330738045,10.769731612403744,5.35951317423977,68.90259493389772
663,3,8.235572928143323,8.148585037823922,7.310248422321804,9.082806926845675,5.133310589407396,-23.762837313176924
664,4,7.273364383501209,7.882026336547596,8.199480217395218,10.745763979089709,5.498392567455324,78.57980217298537
665,1,6.909388191288854,9.547143764003259,8.595052913158257,12.066205800465656,4.014685732706809,147.61565512072485
666,1,7.394837535813653,9.398278080220965,9.889170350903346,12.241890200080922,5.318905184414434,222.94027437422335
667,3,6.979360713485559,6.548931113850766,9.688297932391535,10.229856714589403,6.548495299885196,34.91820526895619
668,1,7.252322160292379,7.665578882130201,8.653137468830264,9.859725579050389,6.202303706945697,14.26254728130976
669,5,7.547065798047138,9.330926195621307,9.277948123637351,10.115681433123568,6.988535895838701,82.24020522592912
670,5,6.344970842686672,7.625929062059036,10.023450590460607,10.737553650398894,5.515402184667668,23.832689348763257
671,2,5.7050831306469885,7.850532543418056,8.405080388399348,10.551191856640884,6.658991160425684,0.2187821091057124
672,4,7.959820195750726,7.805960978804989,8.918613617666725,10.287987891222286,7.642263038466752,129.63118324588118
673,5,6.664150230979039,6.4695968506488715,10.400833481134573,10.339020025002213,6.899534318153818,35.20889708336528
674,1,5.185407457924361,7.94859204891001,9.250895264045614,9.06342904868382,2.7574015838059265,-259.9782751518849
675,2,7.352920576679457,7.91234509048427,9.791680185817299,9.002668157279277,7.42855043658029,-24.99319941210633
676,1,7.1275423641208,7.2048089276572,10.448631078361625,11.787414366551348,6.333093468921118,181.32250399555485
677,1,7.8443542785187095,9.099128999717538,8.376174807609274,9.74673608989242,6.6517992597858715,56.45702288824756
678,5,6.946518096106546,6.841291009123994,8.795627041003273,10.25692041240771,6.798692046178417,43.279176009302496
679,2,7.626139174787501,8.979812135446387,9.539126931057005,11.118466690729582,6.158453905206184,154.1748020751715
680,4,7.164308993162262,6.210584119917169,9.210551775004236,9.482768727085967,6.453845776743654,-25.443965223791572
681,2,8.636686305451526,5.976657275742182,11.075029355112404,9.56902428965193,5.3444451943814935,37.426379567216784
682,3,7.9969576699541,7.935857056770026,8.305228865527218,9.689458453376593,5.289060080330913,20.10395749918948
683,5,7.493401695282729,6.880326103393439,8.42523437914562,9.729638675603594,5.338258260141406,-9.29569625797915
684,4,6.348043820030344,8.324103425759327,8.504955346151602,10.865662718331649,7.205996147982164,81.57675584867914
685,1,5.485038651498223,8.6613805841195,9.747698820697913,10.234472726620771,5.366595115441299,-68.91046036478804
686,4,7.0807284663004815,7.717379037829653,9.603173948497131,11.350805048996467,6.82979894103869,154.54951969806947
687,2,7.370070195697569,7.099995018510815,8.984845324525379,10.724144944631504,5.32913052813048,74.04810772082517
688,1,8.428726101224335,8.732284867048007,9.910457630850782,11.280507135000821,5.105464719168191,187.20005637905365
689,3,7.41461798918309,9.82796948606412,9.368825981024612,9.462103565667087,7.299542020362751,26.235805702041876
690,3,7.754210405764825,6.269766489056957,9.477597969305979,8.051597044940083,5.358888953429401,-147.6177746432296
691,2,6.841563409452976,8.174833973562237,9.341322078037171,9.672547174497797,5.181835905629255,-48.832814113653995
692,4,7.306755565990845,9.592971944511103,8.417113286402584,9.731500055483156,6.174883421264433,14.969589432270181
693,2,7.156684241288433,6.611303630516236,9.870847125345502,10.471732850005349,5.434605570519779,39.39548817099281
694,1,6.802450529094173,6.8377161558668895,9.822139861940263,10.790637308889432,6.35345242084113,71.85051970562697
695,5,7.089327585178506,7.983756496644298,6.762767751175193,8.791560472116135,6.694014623057503,-77.19893072456003
696,1,6.525127932866402,8.457679817017254,8.482244929612943,10.698012214418657,6.370980276062808,56.18063490460749
697,5,7.874844646409517,6.610998046642107,8.227908646296557,9.916186122149634,5.587740220039237,34.32708449934341
698,5,6.95703363534396,9.486396191206943,7.446527248883506,8.786042737819574,5.855174459657212,-98.45010976133405
699,2,6.424333752133169,6.965018493519294,9.69953724676297,9.720595811730302,5.90661376000725,-56.379120768781256
700,1,6.92829780073483,7.840908139056759,8.54254962824357,11.346022298216738,8.66759237043977,191.8309020291034
701,2,6.400915124063378,7.6971294272989015,8.121462280994837,9.13571565919997,6.872675110070701,-82.36483399745308
702,1,6.449185858402665,6.952610932358331,7.85879212704968,10.966195919023786,5.864294555945094,55.83499889445408
703,5,5.546737214326097,6.848227384302152,9.792904409974776,8.311010753749269,4.362528005339892,-272.4014316005821
704,4,7.434475569621905,6.794270165714975,10.02358376018788,10.593088465145183,6.55866245622991,94.97836529552082
705,3,6.838817742221205,8.69944106399354,9.238743978276851,9.573189535462088,6.247257566507038,-28.80536139626623
706,3,8.225475752667226,7.154061291522662,10.747681861958922,10.057201998774149,5.832606316777522,75.98327486362717
707,3,6.315328220245191,7.805382209511271,10.117450543537636,9.800392119446323,7.2893645371571,-16.715653189327863
708,1,7.327272030535375,7.53666589900966,10.417099519721857,8.586378145235308,5.789348805858191,-106.68574365556175
709,3,7.021313887754258,8.060268656511997,7.98432987761789,7.6090727398159625,5.402179574669915,-218.94479533478543
710,1,9.121665936878848,8.087227675106915,9.935873230275792,10.826762057188066,5.715199846827492,198.1480973473068
711,1,5.811387468305316,8.127681037165887,9.017699031215992,8.620788205435481,4.577074022902087,-217.65341411713376
712,2,5.669819954320681,7.95498558660377,9.402461170196077,11.988031772073299,6.082702810388548,113.58352460815873
713,5,8.479301561548297,9.02334607410411,9.01872531245717,12.182490888579851,7.867864593818245,341.5926211387138
714,3,7.191763241375397,7.108844021146179,11.39235878133043,11.523907813816175,5.476573632379426,139.52359345220867
715,2,5.658174784362486,8.116735957316482,9.184558005594843,10.702927147378944,4.963674194780472,-29.83811414189194
716,2,6.6625038784461434,9.421148912408967,6.179042089169127,9.826670766847155,6.536583017615022,-5.235614666839836
717,3,6.828154015294868,6.928626239210975,7.023362744033559,11.102627024894227,6.503066896543084,105.51304901751084
718,2,7.66197773558296,5.9490838458373485,8.461374946383529,10.959968806538178,4.656505588894061,89.16206580578273
719,5,5.251319988929876,7.703925308730425,10.468408995493354,10.307365408065731,6.226813835643759,-58.98156834261763
720,5,7.509011811427958,7.152907928793654,9.436303287644874,8.515530058386961,6.318172078032524,-91.44671922059008
721,4,6.843885197648669,8.31125079768876,10.29891293481457,9.832142156885055,5.353039235184603,-29.536806679005824
722,4,8.338951109922794,8.303673001706386,9.004702751734072,10.927849304543491,5.99286983776014,170.4789572179377
723,2,6.551723659462304,7.087022331466308,10.364669598098693,11.283743163420908,4.942864846146909,67.55441827356381
724,1,6.356646102984154,6.433907629344722,9.143683637651018,9.626826033727731,5.637648649957189,-78.24794499839041
725,5,6.348221357520209,9.161977190557483,10.362427208312532,10.152963876244465,6.314009659069611,-0.546986461041183
726,1,8.31687975855691,5.0776204098834,7.141964304418397,9.825810974848162,9.369136028654086,138.0981710818603
727,3,6.917697940721213,7.642797079942789,12.153576823771356,8.949279700792907,6.749611807309446,-73.0035770702102
728,3,7.398873694902328,8.806823262223968,8.072696083965695,10.108187674942346,6.665586930147339,62.31697831858393
729,5,7.514824342470454,8.405660263021426,11.390007642582136,10.39047842716539,5.263123247594237,57.04896109293435
730,3,6.280390534927687,7.887363403088097,8.282410589574173,10.630348520220933,6.436294890671116,35.09047804045646
731,5,6.862421343536542,6.463017891335288,9.389183475135551,9.414668607374646,6.59282430763271,-44.228095456946896
732,2,7.306678941244309,8.368646286806856,9.83422728601441,9.48140783270373,4.303811089507981,-60.35832483310921
733,2,8.126863676849847,6.648324555246786,10.202899921770356,9.980942196836077,4.819437315479082,35.35755128915588
734,2,4.9212115504410825,6.972080632309373,9.508924365687818,10.137119145469619,4.809276453161958,-132.38544968650214
735,2,6.043913494056468,8.325812363094357,9.95604734870891,10.76059509990106,6.3650113076661246,33.647678899349756
736,2,6.937559605912909,6.794919183624683,9.63143196110008,10.693389926344262,6.627567273337709,77.39093424693681
737,1,8.02377625177661,7.492198377688439,9.138375714470476,9.9536121534437,7.214908861587949,91.19241803566747
738,3,8.151196605635606,6.645468750258708,9.682607680343194,9.139301555689316,6.110515367312995,-6.339422529805052
739,2,5.986211274326729,7.46116253691946,9.372241880913466,9.488919189988485,4.282006523867865,-140.33910639767413
740,4,6.940565021007301,7.671629704064896,9.0642368583616,10.828987408024425,5.806823637866035,73.66182521155675
741,3,6.28739176931498,8.62280230135424,8.658856588363065,9.408306723792158,6.287318935249489,-74.35390387617731
742,4,7.120492720340545,7.849980122436878,9.790634657701569,7.96882612084271,5.816376692315139,-171.8900851316458
743,1,7.476609701447398,10.03640163085985,11.016647994728247,9.462292172611003,7.255676922050472,29.78627627709175
744,3,7.550262379224405,7.772799814390782,10.704794608901599,9.243645817111968,5.518389026918508,-40.58015015358762
745,1,5.1882787713442795,8.407922899489327,8.15186021404414,10.494380064122574,6.957833346021113,-24.163751928713275
746,5,6.344227667944131,8.00912194219377,10.323380786384572,9.062666337296003,6.323524020349732,-104.20505460890988
747,2,8.340202274907417,8.437576733586036,7.365987187508279,9.793090128144684,5.009514645642392,44.61492849604646
748,4,7.868202821728532,7.591624013348713,9.16030155391546,10.596701813066531,5.629933306282913,100.87954679136433
749,2,6.912785444799328,8.096415275520316,8.491305533132202,8.595319626486942,6.99134293288601,-96.86094394399034
750,1,7.273132339647572,6.7230386463429115,8.567393821702177,10.128687362019026,6.933882647571084,53.205523344837346
751,3,8.024163591395613,8.442828344449957,9.225641052632746,11.473420120261967,5.71785883574205,195.0568695859802
752,5,6.061033338746542,6.277735025972184,8.834431598725967,11.216455321050937,3.872095260997221,2.665234225152831
753,1,8.327915775963014,7.879023336486979,11.537336476599233,9.354011929611026,6.365918038995395,35.46127385108645
754,1,8.236849807275867,6.46908250922304,8.837223312084864,9.40643026654439,6.209120447920403,24.111628332666395
755,3,6.24561501808984,7.81364246444341,9.869592501666807,8.362895646775533,5.951540177213771,-183.07961929045564
756,2,4.891429293169845,8.505044731209372,6.9336563780346285,9.698251707313258,6.750020471214725,-117.01216923639603
757,1,7.7932404347526,9.110961547476649,8.550796631312078,8.983706697757931,6.705225661067329,-13.460915888302416
758,5,6.587588268612948,9.228639425581374,8.681968907859655,9.372930717559244,5.242964601823279,-83.50555219693305
759,1,7.768390293523176,6.790346292053381,9.020612799066667,12.04965919207396,7.693269167101615,273.28556335911276
760,3,6.973939128893737,7.774064678530315,9.525905715734952,11.746082306902148,5.370573550911166,147.42005752461256
761,2,8.21915408085076,8.457210339767784,8.897851998354607,9.372462705464224,7.510275341403983,62.44376358827564
762,1,8.848344820283533,6.935656816173269,9.562969770406017,9.85505861939205,5.652453653509891,87.80544700922297
763,4,6.3894078049515945,9.214257520711435,8.642004528476853,10.39138112691724,6.711759057922035,33.42335040065483
764,5,8.008253556258115,7.609051512110109,9.834920503232293,9.482318643326789,4.334467782085813,-23.320213695376985
765,1,5.266394885353926,9.828219941195474,9.457894742462326,11.170755318545032,5.717858290053537,17.462831627779178
766,1,6.62067835029521,7.699633224635295,9.65824857206345,10.357355136089062,6.071501214377372,19.926197246463417
767,2,7.194621525659482,7.489088096384104,8.680302887528594,10.179671563905428,4.945336168577798,7.407385235940599
768,5,5.213774405723465,7.4889173182573785,9.441022745063217,10.528598008116933,7.804294527776678,-3.0452775465343276
769,2,7.888110074868948,7.226398020862489,8.116095059475759,12.164349461740072,5.607536128126475,240.42131402924065
770,4,8.708109161024563,8.34223581828944,7.4579739325910435,9.89107442105621,6.625720873309992,114.33546478734245
771,5,6.565235047243286,7.152281647506427,10.149789928434577,9.057647466610597,6.6486952601797995,-88.52726125419245
772,1,8.171690202476782,6.768316068546933,7.584287283467143,10.774445113281391,4.533194533219381,102.82053452323188
773,4,6.827634125692271,7.229012494041782,10.070065901760751,10.69542857104091,6.82815746403124,78.54302704377695
774,3,7.604596062320263,8.599160439459343,11.04927547586546,10.921910609340683,5.49780579804678,117.05393517160708
775,1,5.567562649688585,9.259072223693869,8.146837885694614,9.89697868534734,6.888522226668725,-53.38043916051158
776,5,8.471835304715428,7.722256598324355,7.6382104760047165,10.15353014969018,7.211429645819482,135.81223722497083
777,5,7.039917627884381,5.609838947865759,8.617435165179598,10.289563553101766,5.747392294146427,19.074519974537992
778,4,6.7173701942031,8.53998751151653,9.092595730051539,8.925520453284058,6.855114924951751,-79.24053659608471
779,5,6.811877364901533,8.42067645916502,9.088721196289129,10.324358803608842,6.363137412202486,38.70652406541299
780,3,6.081257188111674,8.268136185731255,10.215125408079547,9.671307979428438,5.39060415827722,-86.89281197114192
781,1,8.751693897704445,7.2078802345469555,9.04408855313019,9.157310960340507,6.179908570504407,33.953532459639725
782,1,8.406371207069995,9.053442685288317,8.647168184796543,11.341068472916584,5.50732832645849,202.94417272471503
783,3,7.305432890632448,7.557848759228192,10.182992282175434,10.23157289116482,4.114455847312261,-1.9076305358468433
784,2,6.014958598668279,8.41044663818868,9.673979942707621,9.810585706578053,5.965103146654025,-62.99735995472972
785,4,6.205582682761157,5.796175251512821,8.427449805301135,10.680557317798048,5.875550599654568,10.473874411163784
786,3,6.887881821175643,6.901097610290787,9.451386684710627,10.41661599506192,5.73791693879088,28.10184830040244
787,3,7.18599550707973,8.47150581389361,9.164109515604107,10.38138047638427,4.689399177180657,23.67126519840386
788,3,6.471859890824449,7.782963095482494,8.028085051727363,9.36313269853937,6.274095615604638,-72.3063953022215
789,4,5.568689405435102,6.516923393720061,7.718946413282943,9.080371367371452,4.621874650514213,-197.1870764898745
790,3,7.262450909579877,9.03053340460086,9.469009986542646,11.28073211807961,5.892965465800408,141.765482295505
791,1,7.406335390339904,7.716100971949895,8.725899710757304,8.727830226162336,7.085767034475179,-56.01689099585721
792,1,9.206660857787544,8.058251878331737,8.878074504217807,9.718051341720232,4.579133015724484,74.62471972750828
793,5,6.096454105305455,6.530658460444027,9.682189773653471,8.7892310614058,6.2181855050851835,-153.31139063768148
794,4,5.680260814977515,7.058272112394534,8.512908931653568,10.375833305196148,4.975571049162664,-62.91176660006101
795,1,7.154338479672104,7.238173791669102,8.190609927092138,9.554077375529456,6.50075115445184,-13.229522729436958
796,4,5.813151607571859,7.395724783777013,9.197492271932465,10.098274253340891,4.715984788667323,-85.09769825560302
797,5,5.825554030336215,9.99543999151902,8.879975938435086,10.972351617219926,6.960800089109842,63.35999708176182
798,5,7.31380575313074,7.534516386158947,7.99536483268615,9.237927794668792,4.875440952041031,-71.87569841347955
799,4,6.419223548958025,7.036348236080727,8.275998225372065,9.272880596305678,5.554221480554604,-105.31921756832025
800,4,5.5174869656915675,7.758744766547444,9.079840224361329,8.92668880360497,6.0615714214103775,-171.59502899603584
801,3,6.363300530431951,7.4617762727727,10.212244246703044,11.079733103807344,4.886522462186638,39.106630164676275
802,5,7.092172906423053,8.099388184881814,7.83819886130587,11.17693604939644,5.2273510340213125,101.42376265569612
803,1,7.6591374766928615,9.782561624128554,10.276777575799352,10.692045105042551,6.690932089734692,135.33767084226122
804,3,6.61817301050977,8.3844099304462,7.82307403948133,9.25051919977321,5.839966001209243,-81.96044066942244
805,1,7.117408278775235,6.290679068311837,9.634282907991775,10.229049530142891,6.251259664491569,34.13286828314931
806,4,7.1132453992207525,6.890622191950425,8.845502947883638,9.375260364092291,6.0755179098741,-44.311563894391945
807,4,6.352203745038812,7.797383960318291,9.190041742533712,7.80718549695661,5.9374656309005935,-227.2605001743401
808,3,5.294394746444765,7.663811034083815,9.79348887640059,10.20720487756113,5.314463393266243,-88.56216614601658
809,1,7.982050871097048,8.199435650148969,10.953255388016498,8.517094922850191,5.355018563510108,-82.94626389108485
810,5,6.966416004386013,8.223749588145889,9.128708964729753,8.467356169771802,7.767042421270364,-85.0977492134169
811,4,5.211880070342793,9.069713673254114,8.22727605210277,9.025618273041653,7.131567522317889,-147.07519359717085
812,5,8.332785848261011,6.568729555572922,7.425209932252763,12.410748480273742,5.623616259243356,285.0329709397329
813,1,8.423352216834422,7.0019724348582555,7.97463414458514,11.077374083716387,7.414795840611669,217.52748204645138
814,3,5.307347511122158,7.08992618055761,9.72277490561299,9.452454490843778,7.699629255794877,-99.01095091596846
815,2,7.0929375184360195,6.626083492509768,8.08628428594355,8.959341412950454,7.593769175025609,-46.1421084453295
816,4,6.022600193425914,7.435812788499598,9.191668931650174,10.37775860521323,7.57080293286817,23.695817982841586
817,4,7.207495267782721,8.092748617513376,9.892980634296244,11.503886788934727,4.233995087205031,112.45685200991285
818,4,9.205873920359174,7.426159359920305,8.461584809558552,10.255818345452807,5.915981548692546,153.11780856617878
819,5,7.215652120943859,8.576882338348007,7.815339753918849,10.356871879957758,5.833843915499156,52.25523525254227
820,3,4.89778540869195,7.2404777115793,8.051518794025547,11.086107788783405,7.450816730387741,18.781700730127003
821,4,6.044306826429614,7.042078716255045,9.490220311627105,11.812165980251086,4.337368360995745,70.85638581017486
822,3,8.87052474282095,8.868283173001135,8.293456120887376,9.964134543811877,4.148460780364923,70.91011609293389
823,5,6.296870392875484,7.456091372684668,10.920407326156175,10.107782426552935,5.86844744056096,-27.328866102761786
824,2,6.4923033959365295,8.643812510763007,7.892026746020197,11.191827128411104,7.506343094530946,128.12947071661554
825,2,7.8780589452359795,8.659262363368827,8.833584280932325,10.359378995871184,5.927820119843529,93.18598403776195
826,5,6.422206989253487,8.592272150096,9.809417433401556,9.238258908660619,5.663940458931418,-97.5821348450137
827,5,7.129705102654817,6.505097791243208,9.118647480923334,9.408124716288903,5.889832318230102,-46.9106817868155
828,1,6.4238572758633055,6.593830937549418,8.945223943797185,9.323170086770242,5.155523963777539,-112.76631652271223
829,3,6.81238852519497,8.313362886246818,7.768451360609709,10.555472459467863,5.618999722687053,40.44131481833745
830,4,7.7765519990501835,9.543607078274121,8.62571871182001,10.577908153493503,6.528263130181339,126.30950503701176
831,2,7.775322781882518,6.437503823502745,8.504376975035894,9.547281354129094,4.5659364499116295,-31.110588065756048
832,3,6.00651319032144,7.730480156620553,9.665560510293655,9.162171188479507,4.968295654978776,-149.91603267484604
833,5,6.679732969511581,7.638548414755835,9.251478326167911,10.213782433589571,5.047168444406783,-15.55348339551689
834,4,6.870782756591176,6.47274972982079,8.734241638240752,10.484318652922987,7.302967629754449,70.28845183048344
835,3,6.9453537228553195,9.48295215346875,10.12504914473579,9.156396910694236,4.199394741649397,-107.1218918603439
836,4,8.400686004598493,8.381256430943425,9.255383947245292,10.52708332262725,6.888125092232311,160.6887657383044
837,2,6.6409391829138364,9.127254782266496,11.43508748192888,9.72910681503335,5.4119116441814015,-44.703096692665106
838,4,5.249001611493964,8.245314375848086,7.931997206770311,10.591265445725345,3.3221292481400075,-103.43408452325097
839,4,8.201489646629927,8.448119221100251,9.592228331821135,9.788371409487127,6.503554020335818,73.81668492853784
840,1,6.56669331721878,7.552765747198067,7.563624217164655,11.340386654447919,7.533467749524377,141.04571934147654
841,1,7.295183745763639,8.147858367400277,9.344868721155734,10.493244063169392,4.624451196600685,36.78823695677537
842,1,6.783343733033673,8.399126899357881,9.946520958713593,7.77626358207065,4.29503474477505,-243.425477750807
843,4,6.347403817704297,8.872263499232163,11.402313486417947,10.391481561326145,4.318438623281683,-30.791128366991614
844,1,5.848576193611276,8.121356848740158,8.369165703485937,7.508053586227353,6.8464678367300165,-258.89531532084953
845,1,7.059517318176047,9.170810187531986,8.613372833276287,10.590556746728293,5.695314473198746,63.88751161933025
846,3,6.001350335224864,9.036037778420248,10.44045332980411,8.445623573835991,6.365286369937253,-173.40333711629657
847,5,6.648867726720839,7.569693784836225,10.783497502447485,10.951573761703209,6.044209668719447,73.46921162640945
848,5,5.331394486634763,6.978881886163603,9.415058899353134,10.045336183660508,6.2847275078120655,-80.28435837705348
849,4,7.195003665497932,7.97877039009232,9.471677722153222,8.955385057164966,6.244356884253365,-67.55582777449247
850,4,7.533130853399051,8.232402768060323,8.064423299360431,11.716251003682665,5.871945673585037,191.6104870027457
851,4,6.185843401408926,8.711494329495547,9.846653680942529,10.214387521689819,7.560200006843053,24.548621482374163
852,3,5.772628852081956,7.626404504536099,9.441139056589659,9.821399594018589,6.090313722128923,-76.86541067154653
853,4,8.295641489112667,7.5826836901109465,9.66684238005911,9.40994693654263,3.2343248160717337,-41.11965621151026
854,4,6.112252177443901,7.528005764635002,10.080459305566105,11.172813059104794,5.693727127236897,53.61361879913137
855,5,6.874897028491281,8.010152043050706,6.513191780693564,11.056664028722071,5.61128930326216,87.10652812110395
856,2,8.475336789361872,7.8018981013248085,8.176680823193806,12.009548743580549,5.56733460161641,262.1730863853732
857,1,7.164106085471864,10.027858469189106,9.658118196966095,9.785707902970751,6.535106618097593,23.012240915484668
858,4,7.602056267420914,9.722570061387696,8.112521121587973,10.147161479588291,4.564034328981229,29.42685870973363
859,4,6.459746455784869,9.158100572492145,9.037021845997689,10.140162474865443,5.879387745189506,-6.2101940687939114
860,1,6.622839566800088,8.642935111150816,8.145081195428142,10.064907645288105,6.488100781771176,8.862884847601942
861,4,5.250914699020595,8.099335765622111,8.578234052452821,9.658502791253495,6.5651577703541815,-106.90729899469459
862,2,9.720377999897178,7.106392176146727,9.085434730059163,9.087510611955743,5.840349463872081,73.96466421282241
863,2,6.170673546048407,8.323375128430971,8.103510316055836,9.03394855583011,7.734515379743574,-79.94976874665238
864,1,6.206123065401516,8.300620390662777,9.329921625321424,10.638027084710274,7.106730183800063,50.33402904450448
865,2,8.306787339878397,7.396338833759591,8.303843166376287,9.20350753684178,4.296472973380133,-33.466147159549486
866,2,5.147098647915135,6.59401232033327,9.447748207919625,11.686869803332419,6.893293355631025,69.87834058068887
867,2,7.627426873649514,9.140008260885281,9.091248550990326,10.751252223113482,5.145865039397297,96.92261664325481
868,2,7.844175864967903,7.200716980852531,10.03028413415795,9.919678468210959,4.328730194164237,4.387533681700042
869,5,5.413684946291886,7.968252761071257,10.00924998130549,9.672802919355247,6.451860654642034,-100.02757953978508
870,2,8.180301624804232,7.266469325141843,9.71504478627114,10.564434845553746,4.60352534226726,88.69684942408331
871,3,7.4300216123519665,7.966177886622596,7.52531132358144,11.70500597325995,7.512307498315511,224.56466682107208
872,3,6.6238211536494,6.999361778886294,9.678856353390923,11.480933772863228,5.230186615724692,96.28828577644362
873,1,6.544997023649557,7.877753207660085,10.136992102762724,9.249638571716345,5.443156526460844,-98.8300945964051
874,4,6.096277036983704,7.284205366131455,9.106147211103615,10.500651513611599,4.934049392598517,-27.910579501249376
875,5,5.930690386558371,8.661315732440208,7.50818069128787,9.072042521908793,5.7614541457113635,-138.0522951174893
876,5,6.203300546463943,8.94836229661173,9.82754547656049,9.290920918817276,7.95685380748798,-46.3570504743988
877,5,4.8553213291404855,6.93399288566754,9.12263009642289,8.191296843216753,7.102252481198615,-253.63036304961213
878,5,7.129690030482891,8.960240977908661,8.63663999896422,10.081532309877488,7.163982830794575,57.70203149610334
879,5,6.2903489823099115,7.079099258521342,8.277391544226111,10.285784343305638,6.17341004425775,-6.021990628730417
880,4,7.6427726277889505,8.818786952858721,9.202984628906503,11.048564482284453,6.299545784010423,151.61950427573387
881,2,6.74855254941722,9.828865812594708,7.153200641206293,11.174238262384351,5.003394281040467,84.45162837641851
882,2,6.935687222586757,8.462539548404896,10.326990519544127,10.74611712814909,4.853707192676266,46.12974732969587
883,3,5.097983564795154,5.988151143407561,9.146580457152005,9.507786911087052,5.239067125605299,-172.9474243989685
884,4,7.084680313911967,8.04289786090523,9.697583119914505,11.731623296956093,6.8917049589454855,191.94831829852893
885,2,5.445811642101174,7.857507492329502,10.715791554334274,10.135343014959691,5.826421983810242,-72.69400038952318
886,2,7.148403721136469,8.815419641750506,10.70597059341823,9.63229964605793,7.070589223477612,15.466191778835665
887,4,5.43314307655121,8.283749070324276,9.314220793272503,8.362348503728146,6.4902628488245515,-213.9507045095166
888,2,8.489343000111628,7.514067948185893,9.739176461905943,9.941134059762293,5.038952363179457,62.45057195182888
889,2,7.953289588362289,8.973429516363291,9.105930432233807,8.620140609159558,4.527859225698133,-92.31380245893502
890,3,6.977802198729116,8.442260550725623,8.274324089899139,8.480327779553903,8.437977970754497,-65.4853044149127
891,1,7.313389900201888,7.513233730244325,8.563081652134276,10.599926266822406,4.350780328696278,37.122821284123965
892,3,7.724804392871322,9.595807053427148,7.847214587689831,9.724873161171766,5.97915581513177,33.31930259727051
893,1,7.307253300487713,8.917073366396878,9.421303258299147,10.605594186013349,5.450927910229565,71.98417731342086
894,2,6.475202797407222,7.7868599107124945,8.103171659892192,8.164598207798816,7.091699782482518,-159.62926641840116
895,3,5.8657811751552815,7.777941093603196,9.11422596465315,10.709362776545166,5.494007914624017,-5.722831250184242
896,1,8.485086844185487,7.003864743786539,8.849927911784514,9.797045731662356,5.247846886639894,52.002806810489346
897,3,6.95019643394847,8.973995158522367,9.824446539083377,10.714428906703576,5.719204080885692,68.36295533743915
898,3,7.788137504318241,7.706913374754547,7.709422790505445,7.43970997043699,5.0139318803313095,-201.82338214156002
899,5,5.551254175116502,7.5573692515337685,8.336120499824197,8.755762362475284,5.331450666491909,-204.35616693287002
900,5,7.296640709352147,9.499217471118053,8.825265675451261,10.53113290822951,5.63173051294364,72.11600391420987
901,3,6.9175354453396025,7.2620296016427845,9.7820219712537,9.16787569041552,6.9922164206597754,-49.1752619844154
902,1,8.145675516102528,9.167802649928118,8.263224340481003,8.885907510291176,5.238891664845472,-38.5639519635666
903,5,7.2006142998728615,8.290151549366486,7.748713996846473,9.937236401522618,5.881658402889666,13.464054245772628
904,2,6.933414856822291,7.641063475891707,9.74837127745694,9.471140268698736,7.620883135697502,-3.4112258256556496
905,2,5.64387962028002,7.560895136965955,9.35628913388486,9.7263286941893,5.285417844792485,-112.95118584618243
906,4,7.3426907916120205,8.029645270117236,9.467152190341679,10.348845280465467,5.226117739994096,40.886883081942386
907,2,6.32102418441225,6.982971658140943,9.118527904633497,9.48025925664697,7.200539728298809,-51.596847808133894
908,3,7.107340587496865,8.710336271617336,7.522426199306293,10.71040930743524,5.936726558110513,81.14096165773131
909,5,7.698238688314852,7.05440939406903,10.316079463381985,8.709876464080468,7.182131844421436,-41.974716258337416
910,4,6.483452302653525,7.6306788341387835,9.53373076189726,9.762744686234157,6.624874210908708,-27.803929006916377
911,2,7.630939400773153,8.565040017226012,9.270284409115641,11.297108657309627,5.5876528055882755,154.1021499575649
912,4,8.285531225599613,9.25101696389711,8.073198908173888,8.082637422233798,6.792580836232789,-63.49184314517616
913,5,7.86137402701077,7.666619760218933,9.124794068817744,9.996512495468203,5.813758918830215,51.54914514230407
914,3,6.7185789620678715,8.284412264229475,9.253943420758537,9.61733319786795,5.1189037974511855,-62.05618710686407
915,1,7.087482485990265,9.212911698940776,9.362179413299694,10.994351476058059,7.649422331397765,150.81172288818107
916,5,7.155741919815073,8.69112680043193,8.332554677007689,9.71332165108729,6.246902377833333,1.8650757025514006
917,3,4.4697617812894395,8.415361676538392,10.072256116590818,8.825232141684022,6.142346580206872,-235.22070655514625
918,2,7.325866309711403,8.731145836923899,6.7679639392506985,10.654850040002605,5.107423588421075,68.19231803011913
919,1,4.593888043527251,8.087865938841807,8.904577940324836,8.326712923383383,4.821967006455229,-307.51145837347025
920,5,7.606075423924155,8.789370740691126,9.308483073212754,9.260963904973776,5.722301056527165,-25.51809547622192
921,2,5.852797077914783,6.248742116598186,9.658979646592872,10.6411030974509,6.167201692390367,-3.535530652977079
922,5,5.854868853975393,7.646442946012318,9.480641281393622,9.637034998293775,6.644499641914329,-74.60366366672376
923,5,5.85318462901448,8.20001580152674,8.012891259790736,12.58558489105981,5.305537738385039,159.38957931471447
924,2,5.343569064962365,9.42551809370688,9.77013682003633,10.260221813580873,6.036943441589635,-53.962744030735244
925,5,5.943222454481492,5.722316091975786,10.000035589726188,10.854820386604295,6.2720195251687265,20.77510903405015
926,1,7.130498288459662,6.801707917749596,10.232030903584398,10.26698618602507,8.61290256149936,99.87470640836123
927,4,7.2363742601281045,8.973337746244333,8.159245159895395,8.633546171990838,6.256715412969587,-88.77116668250997
928,3,8.420191167236652,7.4152616876536355,9.096058535833196,9.14649919341348,5.1815602342829665,-9.650342391204843
929,3,5.873981532143251,7.524862697007445,10.172998223605923,9.668795450322818,6.139267603623278,-83.82598110470654
930,5,8.752973655872866,8.734934359842606,9.838850863902303,9.365186802524262,7.1091535050146035,83.7936003615616
931,2,6.115867034911596,9.553645747951599,7.4385466628230095,10.880527361055567,4.400815606374576,5.592736866640698
932,5,6.321722151255965,8.43015333483705,8.853945182735062,9.229024736288826,4.7853780626727485,-127.22484790369289
933,4,7.114529880886447,9.222017522545315,7.27446542354989,9.277590734775208,4.930116515976813,-69.66310251151006
934,3,7.843600536250253,8.103920314835753,8.890009492413904,10.355316310441609,6.3554141171605565,98.63206418058921
935,3,6.314835202001244,5.886701630382759,8.69430905754736,12.078198139421641,5.47867257767256,132.88646514351188
936,4,6.587174657510488,8.892193845746153,9.510279200520182,10.94365386486991,5.890007908721329,71.8544357580501
937,4,8.112387555745274,7.643631160368312,7.6606568303317815,10.761084821504534,5.844912310695543,135.39610835712625
938,1,8.82279491487653,10.325920996142113,9.111732050039828,11.531197437735516,6.175341380460312,267.09913157993043
939,2,7.1021701106768695,6.7099183718467135,10.34750285852163,10.269310551521551,5.509811327430906,20.29194052844672
940,5,8.098529458148697,8.79021333237114,8.429799985210117,11.678686897343285,5.946949538004331,225.23355518156438
941,1,5.731650033377578,7.986728964055501,11.352890909700326,10.629673834592776,7.580607835494108,32.76567649864645
942,4,8.497340872102964,9.087887446075158,9.720666178564631,10.117015841082472,7.444982903058502,146.73844594174665
943,4,8.70104278493861,7.80697540028117,9.601409528248613,11.367109583583401,7.309536356919165,260.88622011348014
944,3,9.380105116415052,10.853059284368321,9.052264003364819,10.89461214941929,6.891634157882212,262.102116250215
945,3,7.084388333618335,8.1097294815402,8.273218250173024,10.166526584193834,6.515292344790768,42.151879952928624
946,2,5.2528011098282095,7.36832847857306,8.675127949415739,11.214867558940933,6.146187863247767,18.8947560150058
947,2,7.426033997752506,6.96677629282409,10.090868343921047,11.46695966460926,5.553924419835067,148.79603139952482
948,5,6.136662806870514,7.891731644267172,9.814745159676498,9.55573168668156,5.162866828799121,-101.52622463581002
949,2,8.559721124545808,7.522842727295183,9.577381767818785,8.967516747901936,6.39993250405116,13.22034468917322
950,4,8.442227214873025,7.405783974849408,7.446036080423131,9.9094620798221,5.196318018647623,60.578686505975654
951,5,6.884157287172725,7.582572819833156,7.507765399829749,10.252192849829484,6.236205067692916,29.049458441441473
952,2,8.213445052544111,8.335601011104515,10.248573285945442,9.516351954828751,6.847112109881289,57.77625178398514
953,1,5.498181634069414,7.056836916335533,9.593500633500803,10.318554362515677,3.899613011671184,-105.47351610563113
954,3,5.883418008173357,7.547630120913936,7.413723193652311,9.018809792064777,4.621096793232475,-179.46592689000087
955,4,8.130866611485946,9.190416136166167,9.61480563385841,10.504813488153003,5.58348492251964,114.64850907659601
956,4,6.312212507464646,9.110966620261737,7.7949450038380705,9.42999524038509,6.162725475249235,-71.69873278656426
957,2,6.905833886548348,7.338582103921274,9.377095409233988,9.509725808844946,6.606438570950679,-28.2054591236478
958,4,8.974480904475763,9.923569411426268,8.390492316035743,10.236827232686757,6.794440111868519,172.80097525649387
959,4,6.667312361644336,6.87170079777208,8.639396775425437,10.712078234223622,5.614802843052057,38.66168664011534
960,4,6.460400823865686,7.551753032208068,9.354302221114445,10.15534349264235,5.450044441215962,-24.036459776768506
961,3,4.142604577030502,7.795890607167814,7.796121494174836,11.439774607609634,7.046438085952071,0.4371620723961116
962,3,8.352294049673093,7.203758397221528,9.690389275057367,11.042377358406757,5.09424807267981,153.14861938944983
963,2,7.811842304039429,7.966715891977956,8.454115461178992,8.251850653108962,5.544838705648056,-112.7164885786312
964,4,6.87979487757831,7.451717916383791,9.829682611434901,10.81279101359374,4.99784528048219,47.512551582809316
965,1,8.044933519343703,8.720483702104925,9.285350842252598,9.204720650327324,6.890901008955199,23.41287084372036
966,1,7.784588717151958,6.821336376272979,8.50751965049251,10.293415499799723,4.841789664517014,45.38334761896471
967,2,6.377710199890621,8.624174819973959,9.20419268953109,11.563776629449652,6.007505412141574,117.1609523995844
968,1,8.644343677176309,5.611730150352303,7.69206427235877,9.821891963998302,6.200525583224813,80.28791262190438
969,4,8.744789821937248,8.387326366063833,9.704439903963713,10.436646911131534,4.973239784995839,124.27394924279018
970,3,7.419475483537722,7.99414868275816,7.697712383572151,10.11363587810316,6.22668032056028,48.85827833117639
971,2,6.352960239846977,8.575169535319345,9.453774734508762,12.217226466101746,7.151534343437179,203.06747040197928
972,2,5.879517958536058,5.924804535664107,7.534091199638489,10.097694029909094,4.41743678397934,-95.99475743869162
973,5,7.669938819060849,7.563137817795737,7.177713054985339,9.853188727143388,4.344242539013454,-9.493322432965117
974,5,6.682777292836931,8.696116103104766,8.204041384469145,11.285334547544883,5.578799378883843,99.42806764744279
975,4,6.366468124936267,8.19029769184297,10.63999841553094,10.140882351349326,7.08070936667748,13.639459560640159
976,3,9.009910943457218,8.177325710249047,6.83636999958537,8.516064949495599,5.559484975198567,-19.311922279121028
977,1,7.018936624119147,8.461110595758239,8.570180040235671,9.004702707662984,5.737448770890944,-83.23543044124982
978,1,7.24877652936236,7.517473799317056,7.990175275644514,10.767226224181004,7.242383618610945,120.97899918727383
979,2,5.8684375167183305,6.44991110413146,9.67227850149053,10.958827347518378,4.644329457427254,-11.285468988359195
980,5,6.886946198282763,6.829644632302449,10.463606336331354,9.93029029047795,6.764875872172318,9.736409937361577
981,4,7.968607679985914,8.514779954590972,9.501935034239382,9.420464496948286,5.051029776788964,-8.73818752721905
982,3,8.315849562395478,8.512915607295312,8.868638796332148,9.879664741632729,5.925913044607143,74.25423505192583
983,5,5.463363094280116,9.564886614876425,8.03363686403171,9.080951391924383,8.008241053266953,-103.08098020448163
984,5,7.255529293064029,8.456994858400256,9.425482578584925,9.538409769274121,8.567827671287468,48.877833968458326
985,3,7.6811470515885105,7.6114628189803835,9.730625484971911,10.607408633205283,7.447784864110538,136.684094808062
986,4,9.1505447634133,8.997815669230897,9.161851522020546,10.363285718022999,5.4328469084270115,155.63726463563054
987,2,7.502521213749683,9.80167717293266,7.882400481088424,10.570235839956531,6.541413261217911,111.54269475736837
988,5,6.850094472344779,6.462434334899734,10.301514851346612,9.365885907632725,7.489604845712652,-27.046950247041515
989,3,7.056045257935526,5.584048605935152,8.939178476952595,10.135023003411392,6.091281852007543,14.46006343704654
990,4,5.876899442007056,10.061549232804367,9.589098098956091,10.514797014923815,6.99042783564514,26.478569808497912
991,5,7.3348098812577245,9.387416363236586,8.283241217554586,10.789385620106389,5.669032062819848,97.88041374782817
992,2,7.553000437671789,7.008058366566535,9.066979406129514,10.242805097323567,5.360975904205461,41.546280345534804
993,3,6.967926940959237,8.90603278236656,7.741610859637303,9.783503843865246,3.66547852875193,-66.24707446158564
994,3,7.595849556988933,10.456463683748288,9.039249702728268,11.529085084796833,5.824298887222914,188.4343543608217
995,2,7.702461966456273,8.337468503885903,7.73370201166132,11.268923972281835,6.022390450994637,165.47157775131726
996,1,7.331130094019926,8.474616030292093,10.186113877174389,10.348894224265306,5.881495631143836,58.91315938836541
997,4,7.296363557763597,9.262701721778312,8.346835605852421,9.890112861605632,5.912725106068108,20.335834905935858
998,2,6.877261045867204,7.435633714139633,9.639703672094907,9.904809416917661,4.986812087444813,-34.61281522015823
999,3,6.510798804698615,9.06667833947002,8.85374126528656,8.494271250739057,7.869881816905032,-101.89554614291742
